date,portfolio_return,risk_free_rate,RET_SPY,excess_return,cumulative_return
2021-08-17,-0.8552138034508716,32.72727272727272,0.23546824542519662,-33.58248653072359,0.9914478619654913
2021-08-18,-1.3479826601113132,-13.698630136986301,-0.6555249793050999,12.350647476874988,0.9780833167021521
2021-08-19,0.8759281141442143,7.936507936507953,-1.094495991352129,-7.060579822363739,0.9866506234529003
2021-08-20,0.46432808104287515,-23.529411764705888,0.15483400883464782,23.993739845748763,0.9912319193593768
2021-08-23,1.7091997234375267,1.9230769230769162,0.7957077251852906,-0.21387719963938956,1.0081740525836917
2021-08-24,0.9894019591503675,-1.8867924528301883,0.8796463370624341,2.876194411980556,1.0181489464116005
2021-08-25,0.5604065979230675,5.769230769230771,0.15874435451415092,-5.208824171307704,1.0238547202839754
2021-08-26,-0.07161260102095658,-9.090909090909083,0.2098354800544655,9.019296489888125,1.0231215112881042
2021-08-27,1.738534249621909,5.999999999999983,-0.5903187721369663,-4.261465750378074,1.0409088291770974
2021-08-30,0.17654707572818704,-1.8867924528301883,0.8940976112580046,2.0633395285583753,1.042746523276006
2021-08-31,-0.21086614787531932,-7.692307692307687,0.4397556912826283,7.481441544432368,1.04054772385027
2021-09-01,0.41541673936395623,-10.416666666666675,-0.1481547000420136,10.83208340603063,1.0448703332762148
2021-09-02,-0.0824219979535985,0.0,0.05314908317832767,-0.0824219979535985,1.0440091302715042
2021-09-03,0.04790523745836728,11.627906976744207,0.3076582558654284,-11.580001739285839,1.0445092653244479
2021-09-07,0.49236058413955597,0.0,-0.024272380237877478,0.49236058413955597,1.0496520172445911
2021-09-08,-0.7248454100833412,4.347826086956519,-0.3575527500662146,-5.07267149703986,1.0420436627757466
2021-09-09,0.3013329721191833,-10.416666666666675,-0.12182696141407323,10.717999638785859,1.0451836839155684
2021-09-10,-1.0623186083213874,11.627906976744207,-0.42802333059812625,-12.690225585065594,1.0340805031501943
2021-09-13,0.3497458338083997,0.0,-0.788453828678337,0.3497458338083997,1.037697156628187
2021-09-14,-1.1568181659441468,-6.25,0.2559267241379226,5.093181834055853,1.0256928874128262
2021-09-15,0.6734465430240029,-17.777777777777782,-0.5396569483631097,18.451224320801785,1.0326003807051507
2021-09-16,0.24126237865545885,21.62162162162162,0.8352657766170557,-21.38035924296616,1.0350916569456452
2021-09-17,-0.41369405612440247,-17.777777777777782,-0.15852460480485497,17.36408372165338,1.0308095442854215
2021-09-20,-2.3722366560657884,8.108108108108114,-1.290337008296627,-10.480344764173903,1.006356302421658
2021-09-21,0.1878120890406283,-12.49999999999999,-1.6674218396012574,12.687812089040618,1.008246361216428
2021-09-22,0.5924967707780873,-28.57142857142857,-0.09446133996867667,29.163925342206657,1.014220188348123
2021-09-23,1.493767124212753,19.999999999999996,0.9754860134215891,-18.506232875787244,1.029370276088796
2021-09-24,0.05494256152584098,16.666666666666675,1.2150002283835004,-16.611724105140834,1.0299358384860648
2021-09-27,-1.1534242294525723,0.0,0.16471862448665942,-1.1534242294525723,1.018056308977151
2021-09-28,-2.3424320261246416,-28.57142857142857,-0.28609402806876183,26.22899654530393,0.9942090319516879
2021-09-29,0.0020802578750540946,59.99999999999998,-2.015181637448027,-59.99791974212492,0.9942297140633695
2021-09-30,-0.055810479519183144,-17.499999999999993,0.16831135294659294,17.44418952048081,0.9936748296924285
2021-10-01,2.0442447200942997,30.303030303030276,-1.2222350097824797,-28.258785582935978,1.013987974933322
2021-10-04,-1.7837929993339317,-13.953488372093027,1.1884233583445925,12.169695372759096,0.9959005284223735
2021-10-05,1.3636902895441532,8.108108108108114,-1.2896094325718588,-6.744417818563961,1.0094815272219884
2021-10-06,0.8480132928810704,0.0,1.0405001866368169,0.8480132928810704,1.0180420647620096
2021-10-07,1.1607949843604186,12.5,0.4156084045255027,-11.339205015639582,1.0298594459884463
2021-10-08,-0.8170451257123132,11.111111111111116,0.8645665670269141,-11.92815623682343,1.0214450295833097
2021-10-12,0.28352625596979486,0.0,-0.7239756999954383,0.28352625596979486,1.024341094432477
2021-10-13,1.0854818681343779,1.9999999999999796,-0.2461524304676832,-0.9145181318656017,1.0354601312803906
2021-10-14,1.6506887425331258,-5.88235294117646,0.35976200359761906,7.533041683709586,1.0525523551008549
2021-10-15,0.2566493973214481,6.25,1.6820625947883583,-5.993350602678552,1.055253724376714
2021-10-18,0.8752475614200463,-1.9607843137254832,0.7615819209039643,2.8360318751455296,1.0644898068661155
2021-10-19,0.8691147814680371,0.0,0.29605041828335565,0.8691147814680371,1.0737414451248093
2021-10-20,-0.29028432557771433,9.999999999999986,0.7714841566224706,-10.2902843255777,1.0706245420123803
2021-10-21,0.8869982944669497,-3.6363636363636376,0.39277472039767064,4.523361930830587,1.0801209634401747
2021-10-22,-0.6240303838910735,3.7735849056603765,0.2608253575296704,-4.3976152895514495,1.073380680445531
2021-10-25,0.9267937967603852,9.090909090909083,-0.10361780462531112,-8.164115294148697,1.0833287060075247
2021-10-26,-0.7057331330981502,-8.333333333333325,0.5362817796610075,7.627600200235175,1.075683296388866
2021-10-27,-0.47937617551274725,5.4545454545454675,0.09000109757435482,-5.933921630058215,1.0705267269420076
2021-10-28,1.1390041124296606,0.0,-0.4430213176594422,1.1390041124296606,1.0827200703865356
2021-10-29,0.4965747894295775,0.0,0.964885227122525,0.4965747894295775,1.0880965852961693
2021-11-01,1.2612383863342562,0.0,0.20291499389073486,1.2612383863342562,1.1018200771103168
2021-11-02,-0.22942390435465754,-17.24137931034483,0.17201959716930393,17.01195540599017,1.0992922384704469
2021-11-03,1.0659354011908238,10.416666666666652,0.4043126684636134,-9.350731265475828,1.1110099836028464
2021-11-04,1.0714752586325198,-1.8867924528301883,0.6105217579562838,2.958267711462708,1.122914180698088
2021-11-05,0.17675325598640199,11.538461538461542,0.4712515062833545,-11.36170828247514,1.124898968074405
2021-11-08,-0.26920852474296764,-13.793103448275856,0.3469619412734603,13.523894923532888,1.121870644157603
2021-11-09,-1.063542068424832,0.0,0.08537340191663301,-1.063542068424832,1.1099390779036782
2021-11-10,-2.346188296271458,-4.0000000000000036,-0.33053973940673215,1.6538117037285454,1.0838978171621587
2021-11-12,0.9610652259333325,6.25,0.0323540830852842,-5.288934774066668,1.0943147821675547
2021-11-15,0.09308718953213058,1.9607843137254832,0.754684434094477,-1.8676971241933527,1.0953334490429092
2021-11-16,1.1102367312230497,-3.846153846153833,0.03424144498898052,4.956390577376883,1.107494243323556
2021-11-17,-0.7031273220947698,-14.00000000000001,0.3957811864877981,13.296872677905242,1.0997071487081214
2021-11-18,-0.1301014498414035,0.0,-0.2429253324241376,-0.1301014498414035,1.0982764137636425
2021-11-19,0.20312900727128322,4.651162790697683,0.3396419874396539,-4.4480337834264,1.1005073317400154
2021-11-22,-1.3992119839222823,15.555555555555545,-0.17882613416217996,-16.954767539477828,1.0851089012703659
2021-11-23,-0.4740348373867538,0.0,-0.28151592057839014,-0.4740348373867538,1.0799651070547598
2021-11-24,0.8777535982962905,-3.846153846153833,0.13260046624035127,4.7239074444501234,1.0894445396422774
2021-11-26,-2.0847698026155417,14.54545454545455,0.2669856254939207,-16.630224348070094,1.0667321288635714
2021-11-29,1.5097629961562553,-7.9365079365079305,-2.230316973415125,9.446270932664186,1.0828372558132635
2021-11-30,-2.3598327792488516,-12.06896551724139,1.2266596945334163,9.709132737992539,1.0572841073046635
2021-12-01,-2.957236673773694,7.843137254901977,-1.9457597933706494,-10.800373928675672,1.0260177139374693
2021-12-02,1.4042573988319438,1.81818181818183,-1.1107208710158911,-0.4139244193498861,1.0404256435987627
2021-12-03,-2.738255693082713,-17.85714285714286,1.531631520532728,15.118887164060148,1.011936129180627
2021-12-06,1.353934074162644,21.739130434782613,-0.8701355487538143,-20.385196360619968,1.025637077242366
2021-12-07,3.25306748177252,-7.142857142857151,1.1843324070398342,10.395924624629671,1.0590017434831396
2021-12-08,1.985006357260346,30.769230769230795,2.0684844918154255,-28.78422441197045,1.080022995414778
2021-12-09,-1.847842212785203,-14.705882352941181,0.2647988383018829,12.858040140155978,1.0600658745977165
2021-12-10,0.43246431001239793,3.44827586206895,-0.6751576077696275,-3.0158115520565523,1.0646502811679726
2021-12-13,-1.9170226847659708,0.0,0.9413530610056897,-1.9170226847659708,1.0442406937645579
2021-12-14,-1.5390498526666279,-6.666666666666665,-0.8858393168203249,5.127616814000037,1.0281693089056894
2021-12-15,2.778341959031705,-5.35714285714286,-0.6879996570718139,8.135484816174564,1.0567353682249023
2021-12-16,-1.922583198994979,-3.7735849056603765,1.5625,1.8510017066653974,1.0364187515775727
2021-12-17,-0.20831480665411742,-9.80392156862745,-0.8818529536761655,9.595606761973333,1.0342597378590968
2021-12-20,-1.7034717530350922,10.869565217391306,-1.410654946939649,-12.573036970426399,1.0166414153716523
2021-12-21,3.8025306735147177,-7.843137254901956,-1.0633439885184948,11.645667928416675,1.0552995170308137
2021-12-22,1.0512420657763122,51.06382978723403,1.77590223746098,-50.01258772145771,1.0663932694737759
2021-12-23,0.9154283415532349,-1.4084507042253391,0.9998704271584558,2.323879045778574,1.076155335694955
2021-12-27,1.3512495556046782,14.28571428571428,0.6222070174688454,-12.934464730109601,1.0906968798861492
2021-12-28,-0.7159028903634721,-11.250000000000005,1.4152146196344972,10.534097109636534,1.08288854939794
2021-12-29,0.07814382099860273,-21.126760563380277,-0.08171646482001416,21.204904384378878,1.083734759887596
2021-12-30,0.730247126430042,-14.285714285714288,0.12791746178204555,15.01596141214433,1.0916487018297987
2021-12-31,-0.6179989261987662,-6.25,-0.2764513696908777,5.632001073801234,1.0849023245746277
2022-01-03,0.31871490125329904,11.111111111111116,-0.2520161290322731,-10.792396209857817,1.0883600699470906
2022-01-04,-0.7285253234752429,36.00000000000001,0.5789961259895504,-36.72852532347525,1.0804310912269333
2022-01-05,-3.2822027221694263,33.823529411764696,-0.03349312344308464,-37.105732133934126,1.044969152539518
2022-01-06,-0.20376053660292912,1.098901098901095,-1.9202177782431162,-1.3026616355040241,1.0428399177869683
2022-01-07,-2.0489630123047853,9.782608695652172,-0.09394081728510972,-11.831571707956957,1.0214725135939637
2022-01-10,0.3798555596251205,-0.990099009900991,-0.3953498311749404,1.3699545695261115,1.0253526337268928
2022-01-11,2.2702828170692975,1.0000000000000009,-0.1244394859361897,1.2702828170692966,1.048631038384762
2022-01-12,0.20576633564825728,17.821782178217816,0.9108289832656657,-17.61601584256956,1.0507887680469166
2022-01-13,-3.190169145553909,0.8403361344537785,0.2703565726450252,-4.030505280007688,1.0172668289837379
2022-01-14,1.262823016017383,1.6666666666666605,-1.3778608127043457,-0.4038436506492775,1.0301131086344548
2022-01-18,-3.6027401271103954,-1.5748031496062964,0.04090155641187643,-2.027936977504099,0.993000810315057
2022-01-19,-1.1115772973584317,39.99999999999999,-1.7709588569461254,-41.11157729735842,0.9819628387450096
2022-01-20,-1.137108470138652,1.1428571428571344,-1.038357904882914,-2.2799656129957864,0.9707968561320262
2022-01-21,-4.162291287666502,-1.1299435028248594,-1.1068068622025473,-3.0323477848416425,0.9303894631683026
2022-01-24,1.9652148025547285,1.1428571428571344,-1.9630665920537194,0.8223576596975941,0.9486736146198956
2022-01-25,-2.2326382697931804,-1.1299435028248594,0.4246769258870131,-1.102694766968321,0.9274931644444615
2022-01-26,-0.2326087024145633,8.571428571428585,-1.2208985085485513,-8.804037273843148,0.9253357346296635
2022-01-27,-2.153868249690179,2.6315789473684292,-0.2508803829953776,-4.785447197058608,0.9054052220384378
2022-01-28,2.44867409407659,4.10256410256411,-0.4937929761410275,-1.65389000848752,0.9275756451569096
2022-01-31,4.171986687367694,-2.463054187192115,2.483535850106655,6.6350408745598095,0.9662739775881208
2022-02-01,1.097720349945161,14.141414141414144,1.8011087227062017,-13.043693791468982,0.9768809636763301
2022-02-02,0.4768695234285487,-11.504424778761058,0.6756906936942864,11.981294302189607,0.9815394112722777
2022-02-03,-3.5496963843369116,-1.0000000000000009,0.9714096478640188,-2.5496963843369107,0.9466977422795039
2022-02-04,2.828443623649981,3.535353535353525,-2.35049743085165,-0.7069099117035438,0.9734745542062468
2022-02-07,0.005809548252688295,13.658536585365866,0.4702194357366629,-13.652727037113177,0.9735311086802011
2022-02-08,1.8450327273439364,-3.0042918454935674,-0.3209271227991972,4.849324572837504,0.9914930762462251
2022-02-09,2.982067765494234,19.469026548672574,0.8227876402987055,-16.486958783178338,1.0210600716700708
2022-02-10,-2.2058687834229174,3.333333333333344,1.4636093493591185,-5.539202116756261,0.9985368262891051
2022-02-11,-5.435580077531033,46.23655913978493,-1.7965642348210076,-51.672139217315966,0.9442605574925239
2022-02-14,-0.07484950826902725,-11.029411764705877,-1.9718686014421838,10.95456225643685,0.9435537831084624
2022-02-15,4.044268498051195,12.947658402203842,-0.3269309358398087,-8.903389904152647,0.9817136315208882
2022-02-16,-0.9672077007860378,0.4878048780487809,1.612682793494602,-1.4550125788348187,0.972218421677152
2022-02-17,-3.550646618389497,-4.61165048543688,0.112082492714638,1.0610038670473831,0.9376983811645124
2022-02-18,-1.3962089520348533,-7.124681933842247,-2.1361397223466194,5.728472981807394,0.9246061524236077
2022-02-22,-0.6974153010194105,-1.4285714285714346,-0.6475083512561208,0.7311561275520241,0.9181578076424386
2022-02-23,-1.6657069518376244,2.0289855072463725,-1.0731639914331126,-3.694692459083997,0.9028639892116986
2022-02-24,5.173014087295757,0.8522727272727293,-1.7738668901459587,4.320741360023027,0.9495692705627402
2022-02-25,2.565195048229395,-9.859154929577462,1.5049176442706536,12.424349977806857,0.9739275744707235
2022-02-28,0.8877534625622281,0.0,2.2063973850104945,0.8877534625622281,0.9825736502359357
2022-03-01,-1.7550450116655187,113.12500000000001,-0.2558537978298081,-114.88004501166553,0.96532904040153
2022-03-02,1.000108713612386,-52.34604105571847,-1.5230286512607827,53.34614976933086,0.9749833802496165
2022-03-03,-2.077988628250965,2.4615384615384706,1.8396204474626643,-4.539527089789436,0.9547233364806926
2022-03-04,-2.5333360239458975,4.504504504504481,-0.49784192377081427,-7.037840528450378,0.930536986268609
2022-03-07,-4.808662557110936,-6.034482758620674,-0.8124670078721974,1.2258202015097384,0.8857906026298419
2022-03-08,1.3125392232586386,0.0,-2.9479140153180428,1.3125392232586386,0.8974169517252977
2022-03-09,3.8392707818813765,11.620795107033622,-0.758171804591945,-7.781524325152246,0.9318712185445375
2022-03-10,-0.9652825119654076,4.383561643835621,2.6810810810810937,-5.348844155801029,0.9228760286378881
2022-03-11,-2.5121622201496545,0.5249343832020914,-0.45155705294681603,-3.037096603351746,0.8996918857076296
2022-03-14,-1.9508481992341458,0.7832898172323688,-1.271505123625083,-2.7341380164665146,0.8821402627566466
2022-03-15,3.2416803212525154,19.68911917098446,-0.7308305758564004,-16.44743884973194,0.910736430060274
2022-03-16,5.101842875422559,-0.6493506493506551,2.1990407673860846,5.751193524773214,0.957200771731182
2022-03-17,1.914715255919083,-4.357298474945537,2.2174249712556104,6.27201373086462,0.9755284409372942
2022-03-18,1.5932617124419637,-9.339407744874705,1.2510903998898204,10.932669457316669,0.9910711620807301
2022-03-21,-1.067847247393245,2.01005025125629,0.7821887682227358,-3.077897498649535,0.9804880359567427
2022-03-22,1.74024249480565,19.458128078817726,-0.029245028345181723,-17.717885584012077,0.9975509054149472
2022-03-23,-2.1919629603021047,2.0618556701030855,1.170143342559471,-4.25381863040519,0.9756849590580933
2022-03-24,2.2496345773200175,-2.626262626262632,-1.287840032029175,4.8758972035826496,0.9976343052627747
2022-03-25,-0.49621754331948376,4.7717842323651505,1.5074357818837258,-5.268001775684635,0.9926838688218874
2022-03-28,1.5040230879050938,5.940594059405946,0.48835712224466477,-4.436570971500852,1.0076140633988782
2022-03-29,2.3713177283336306,1.495327102803734,0.7113035410545976,0.8759906255298966,1.0315077943174387
2022-03-30,-2.1224096197973563,1.8416206261510082,1.2370862670263882,-3.9640302459483645,1.0096149736618858
2022-03-31,-1.802425184924748,-2.712477396021706,-0.6174845628859282,0.910052211096958,0.9914174191058326
2022-04-01,0.3882520296891965,-4.832713754646845,-1.5391323304992377,5.220965784336041,0.9952666173582032
2022-04-04,2.8412295176471423,0.5859375,0.28341156673457046,2.2552920176471423,1.0235444262698727
2022-04-05,-2.2815569149422337,9.514563106796103,0.8566634284200347,-11.796120021738338,1.0001916776348068
2022-04-06,-2.649912039745944,15.248226950354615,-1.2631348511383589,-17.89813899010056,0.9736874779486251
2022-04-07,0.10846703545776126,1.2307692307692353,-0.9999334855774533,-1.122302195311474,0.9747436078905795
2022-04-08,-1.6746442364786787,2.2796352583586588,0.5038968019349666,-3.9542794948373374,0.9584201202405955
2022-04-11,-1.3652337585571925,0.7429420505200568,-0.26739755331238735,-2.1081758090772493,0.9453354452102665
2022-04-12,-0.9576000143043987,1.7699115044247593,-1.709229841142168,-2.727511518729158,0.9362829128517085
2022-04-13,2.0425276197693902,8.26086956521741,-0.37052191307510585,-6.21834194544802,0.955406749945886
2022-04-14,-2.4284897368170952,0.2677376171352108,1.1453603778320165,-2.696227353952306,0.9322047950785924
2022-04-18,-0.3580759694081111,2.2666666666666613,-1.245178317655815,-2.6247426360747723,0.9288667937217459
2022-04-19,2.7592905964585253,0.0,0.04111560337147768,2.7592905964585253,0.9544969278145358
2022-04-20,-1.1445061922438406,-0.6518904823989535,1.6142658172934257,-0.4926157098448871,0.9435726513709212
2022-04-21,-3.4343657042923468,7.611548556430447,-0.07415063814489864,-11.045914260722792,0.9111669158371564
2022-04-22,-3.1993906736785096,-0.6097560975609762,-1.495356524476621,-2.5896345761175334,0.8820151265102182
2022-04-25,2.108525948689844,0.0,-2.7439163584896953,2.108525948689844,0.9006126443240556
2022-04-26,-4.710956018870126,-0.6134969325153228,0.5797577692235434,-4.097459086354803,0.8581851787495661
2022-04-27,-0.8871875998208445,0.6172839506172645,-2.8960817717206044,-1.504471550438109,0.8505714662601996
2022-04-28,5.560638881892146,2.0858895705521574,0.28118240807497585,3.4747493113399885,0.8978686739313445
2022-04-29,-4.149114600317756,-2.043269230769229,2.525942435353623,-2.1058453695485273,0.8606150736895797
2022-05-02,2.79363792588043,-0.8588957055214563,-3.695565788550992,3.6525336314018864,0.8846575427840156
2022-05-03,0.2588605015175686,3.3415841584158334,0.6019417475728206,-3.0827236568982648,0.8869475717359794
2022-05-04,3.0341016447771643,-4.431137724550894,0.4584057131827856,7.465239369328058,0.9138584625983318
2022-05-05,-5.663505332510648,12.406015037593978,3.0452951630721925,-18.069520370104627,0.8621020398374755
2022-05-06,-3.0416014157642746,-0.7803790412486022,-3.5542814524775035,-2.2612223745156723,0.8358803319884461
2022-05-09,-6.516397598124213,-5.842696629213484,-0.5968922935646881,-0.6737009689107287,0.7814110461115583
2022-05-10,0.5903805074516097,-0.9546539379474916,-3.2017309281859196,1.5450344453991014,0.7860243446108747
2022-05-11,-4.162060435296086,9.277108433734949,0.23105708616921738,-13.439168869031034,0.75330953635203
2022-05-12,0.2152867730508317,-1.3230429988974612,-1.5886140970708285,1.538329771948293,0.7549313121439265
2022-05-13,6.069339004114482,4.134078212290504,-0.10439210693826695,1.9352607918239784,0.8007506527261511
2022-05-16,-2.386790984135801,5.793991416309008,2.3907835041035996,-8.180782400444809,0.7816384083414747
2022-05-17,3.103022307577047,-3.144016227180535,-0.4057552524146302,6.247038534757582,0.8058928225169008
2022-05-18,-3.642366210080596,11.518324607329847,2.057037166637521,-15.160690817410442,0.7765392546600803
2022-05-19,1.082414627606965,-1.1267605633802802,-4.031152037617547,2.2091751909872452,0.7849446291416311
2022-05-20,-0.21825814791690856,-3.1339031339031265,-0.6124636349716828,2.915644985986218,0.7832314235318933
2022-05-23,0.3364223044550889,0.588235294117645,0.043650182303700547,-0.25181298966255605,0.7858663887361558
2022-05-24,-3.98457242866657,0.29239766081869956,1.8710058260400952,-4.276970089485269,0.7545529732844173
2022-05-25,3.1422449847481757,3.498542274052485,-0.7633780106822585,-0.3562972893043095,0.7782628762447151
2022-05-26,3.775785391611416,0.4694835680751241,0.8834953921145638,3.306301823536292,0.8076484122342978
2022-05-27,2.956806551085794,-0.46728971962617377,1.9981377557440227,3.424096270711968,0.8315290133969819
2022-05-31,-0.8868221822030273,0.283822138126788,2.4549110557351206,-1.1706443203298154,0.8241548296547235
2022-06-01,-1.4836952006531763,0.6603773584905603,-0.561094254202188,-2.1440725591437366,0.8119268840011851
2022-06-02,3.6449263877964824,6.747891283973773,-0.8088538008863554,-3.10296489617729,0.841521021245758
2022-06-03,-2.7646013218462597,0.43898156277435435,1.9043433677579993,-3.203582884620614,0.8182563199687837
2022-06-06,0.4732950441475365,3.5839160839161055,-1.6411509619300824,-3.110621039768569,0.8221290865796198
2022-06-07,1.4076792257597628,2.1097046413502074,0.30447703025284767,-0.7020254155904446,0.8337020269403297
2022-06-08,-0.31102278986388304,0.41322314049587744,0.9592267903542949,-0.7242459303597605,0.8311090236369881
2022-06-09,-2.651177222032572,3.6213991769547205,-1.087217972771437,-6.272576398987292,0.809074850512067
2022-06-10,-4.5264594517983205,0.794281175536149,-2.3782889937259966,-5.3207406273344695,0.7724524054689403
2022-06-13,-6.762550009983236,5.358550039401112,-2.899561578318055,-12.121100049384347,0.7202149252457848
2022-06-14,-0.11673333596439361,21.39117427075543,-3.796818881477682,-21.507907606719826,0.7193741943374319
2022-06-15,2.216861282725303,10.104744300677758,-0.30133333333333123,-7.887883017952456,0.7353217223296156
2022-06-16,-3.0873882004027577,-8.561835478455516,1.4256292294112962,5.474447278052757,0.7126194862394126
2022-06-17,1.988238363774525,-11.260709914320689,-3.309599156118148,13.248948278095213,0.7267880602525576
2022-06-21,2.7403113391080245,0.0,-0.21546433928814057,2.7403113391080245,0.7467043158789416
2022-06-22,0.36156440744413887,2.1144278606965106,2.517356365822976,-1.7528634532523717,0.7494041329140092
2022-06-23,2.2828513162638053,-4.872107186358088,-0.1812994907617216,7.154958502621893,0.766511915026372
2022-06-24,4.594503318586132,2.4967989756722098,0.9802612249258935,2.0977043429139224,0.8017293303996167
2022-06-27,-0.8084244100745841,3.935040599625239,3.179389514891806,-4.743465009699824,0.7952479547899387
2022-06-28,-1.6952347638251988,0.30048076923077094,-0.3819729286300255,-1.9957155330559697,0.7817666350017307
2022-06-29,-1.1327491969481698,4.014379868184537,-2.04328469595203,-5.147129065132706,0.7729111797217398
2022-06-30,-1.1799744967989207,-0.7488479262672709,-0.08143964271640769,-0.4311265705316498,0.7637910249181157
2022-07-01,0.9147801970322127,-2.9599535693557883,-0.8124309828048569,3.874733766388001,0.770778033960776
2022-07-05,1.5915653825125282,0.0,1.0576540755467212,1.5915653825125282,0.7830454703253064
2022-07-06,-0.3551817799429853,0.657108721624855,0.18885741265344258,-1.0122905015678403,0.7802642354860421
2022-07-07,3.1932919095244046,12.759643916913934,0.33773169965440886,-9.56635200738953,0.8051803501907302
2022-07-08,0.45039937411634057,0.6842105263157983,1.4977168949771746,-0.2338111521994577,0.8088068774484971
2022-07-11,-2.5122118265780133,0.2090956612650352,-0.08226432556106555,-2.7213074878430485,0.7884879354190596
2022-07-12,-0.2752469443050227,5.998956703182046,-1.1423572696632078,-6.274203647487068,0.7863176464706049
2022-07-13,-0.22512971133155357,-0.09842519685040463,-0.8848866564297508,-0.12670451448114894,0.7845474118229565
2022-07-14,-0.3309321557402765,16.699507389162594,-0.5251687104482317,-17.030439544902872,0.7819510921602063
2022-07-15,1.7120089480438536,-0.5487547488391864,-0.2428529947469782,2.26076369688304,0.7953381648273158
2022-07-18,0.06604377914035582,-0.6791171477079749,1.9105077928607272,0.7451609268483308,0.7958634362083132
2022-07-19,4.005845973731189,-0.5555555555555536,-0.8256952197959189,4.5614015292867425,0.8277444996240627
2022-07-20,3.223602396284458,6.746884400515696,2.701924335646022,-3.5232820042312376,0.8544276911490567
2022-07-21,1.212508351709304,-0.6038647342995196,0.6373161342952516,1.8163730860088236,0.864787698263556
2022-07-22,-1.9199500969197953,-1.2555690562980892,1.0183144615852457,-0.6643810406217061,0.8481842060125944
2022-07-25,0.9703348796880306,-0.5332239540607242,-0.9278066150104181,1.5035588337487549,0.8564144332075395
2022-07-26,-3.2110902613305807,1.773195876288658,0.1214913057784317,-4.984286137619239,0.8289141927461827
2022-07-27,3.919998177281867,1.5802269043760253,-1.1831028642212527,2.3397712729058417,0.8614076139930638
2022-07-28,0.7065281365292395,-3.669724770642202,2.596638440481991,4.376252907171441,0.86749370115613
2022-07-29,1.2156096751280558,-1.904761904761898,1.2542389786554864,3.120371579889954,0.8780390385185104
2022-08-01,-0.21283800830195254,0.08442380751370049,1.45787672076243,-0.29726181581565303,0.876170237716814
2022-08-02,0.5303237466042892,-1.4339940953184247,-0.29612369232263624,1.9643178419227139,0.8808167765481055
2022-08-03,2.3003709310740774,6.846384253316206,-0.6597365922535681,-4.546013322242128,0.9010788296318418
2022-08-04,0.9259602797344377,-0.40048057669201936,1.5659461843846367,1.3264408564264571,0.9094224616833286
2022-08-05,0.8397031183841119,-1.9702452754322473,-0.06755941609360994,2.8099483938163594,0.9170589104533691
2022-08-08,0.8607295824664928,2.7071369975389503,-0.16901272424366673,-1.8464074150724574,0.9249523077842862
2022-08-09,-2.2241966052423026,1.1980830670926368,-0.11609064744722009,-3.4222796723349393,0.9043795499544377
2022-08-10,3.995130158323205,3.314917127071837,-0.3971040461028031,0.6802130312513679,0.9405106901003751
2022-08-11,-0.4987927006692799,-0.8021390374331472,2.100401118269102,0.3033463367638673,0.9358194914291402
2022-08-12,2.7329422017354146,-1.8867924528301883,0.0,4.619734654565603,0.9613948972424728
2022-08-15,0.4036056089744622,-1.4913657770800781,1.692897449939279,1.8949713860545403,0.9652751409721376
2022-08-16,-0.11989104510716464,2.6294820717131633,0.41208147974713955,-2.749373116820328,0.9641178625174665
2022-08-17,-2.056919369638545,2.7173913043478266,0.19586811546892235,-4.774310673986371,0.9442867354571995
2022-08-18,0.5121860760085295,-0.6802721088435271,-0.7097975331626705,1.1924581848520566,0.9491232406338069
2022-08-19,-2.519257822467869,0.87519025875189,0.29063635298254287,-3.394448081219759,0.9252123791492792
2022-08-22,-2.2274119591630237,0.5658242172765116,-1.3438033139358208,-2.7932361764395353,0.9046040879684514
2022-08-23,0.0394288344174174,2.5881470367591803,-2.0822475955843966,-2.548718202341763,0.9049607628164296
2022-08-24,1.0981759456453797,-0.511882998171842,-0.24192572880126217,1.6100589438172217,0.9148988242312086
2022-08-25,2.2666325483287206,2.058066887173826,0.32011640596580904,0.2085656611548945,0.9356362187655101
2022-08-26,-4.515689042814707,1.008282319049325,1.4117533299489837,-5.5239713618640325,0.8933857965541101
2022-08-29,-1.861626460659929,1.8894830659536455,-3.3849014326237765,-3.7511095266135746,0.8767542901696813
2022-08-30,-1.0447737258861172,0.9097270818754223,-0.6612222743085594,-1.9545008077615393,0.8675941917054092
2022-08-31,-0.1338048855741234,1.0055478502080328,-1.097782082805554,-1.1393527357821562,0.86643330828995
2022-09-01,-0.7507546160907329,0.6179196704428458,-0.7609050500991921,-1.3686742865335786,0.8599285202326156
2022-09-02,-0.8626183868226707,0.17059024223813335,0.31378106179462684,-1.033208629060804,0.8525106187035569
2022-09-06,-0.9690484488151663,0.0,-1.054437213056858,-0.9690484488151663,0.8442493777770255
2022-09-07,2.596803587953832,1.2396694214876103,-0.37732000815827726,1.3571341664662215,0.866172875910417
2022-09-08,1.6462641565998641,2.5850340136054357,1.7964991299006972,-0.9387698570055716,0.8804323695007206
2022-09-09,2.6924774402612055,0.43103448275860773,0.6536276333651836,2.261442957502598,0.9041378124262845
2022-09-12,0.7535350896609136,0.46219874546056244,1.5535241520555632,0.2913363442003512,0.9109508081018092
2022-09-13,-5.5712811293955715,1.5773907328294536,1.0747663551401887,-7.148671862225025,0.8601991776319566
2022-09-14,0.8406020984724907,3.5910708508573252,-4.348249263936543,-2.7504687523848346,0.867430029970174
2022-09-15,-1.2333905532605407,0.15615240474702308,0.38158229458153947,-1.3895429580075638,0.8567312299243769
2022-09-16,-0.7904487275910901,-1.3719987527284097,-1.1353269133299593,0.5815500251373196,0.8499592088185642
2022-09-19,0.6443938753156124,-0.6006955422067528,-1.1688711165795174,1.2450894175223652,0.855436293902872
2022-09-20,-1.2344071917042538,0.38167938931297213,0.7754953833385203,-1.616086581017226,0.8448767267704866
2022-09-21,-1.5338285741605957,3.2319391634980876,-1.1478574186076562,-4.765767737658683,0.8319177661188482
2022-09-22,-2.5076814743118563,0.30693677102515693,-1.744382826941604,-2.814618245337013,0.8110559184163768
2022-09-23,-2.024867246155079,-1.6523867809057458,-0.839979861681539,-0.3724804652493332,0.7946331127763613
2022-09-26,-1.2379263589394007,-0.6845052893590498,-1.675485008818356,-0.553421069580351,0.784796140016442
2022-09-27,0.933414046635519,1.848370927318288,-0.9892648457670794,-0.914956880682769,0.7921215374248088
2022-09-28,2.623216769873271,1.261150415256851,-0.2552770991737785,1.3620663546164202,0.8129006024323144
2022-09-29,-2.4290837545959096,1.1543134872417982,1.9676371842148654,-3.583397241837708,0.7931545659576188
2022-09-30,-1.4902823439029862,-2.8528528528528607,-2.0888996842360785,1.3625705089498745,0.7813343235012921
2022-10-03,2.816883910380247,0.9891808346213393,-1.5463491275944818,1.8277030757589077,0.8033436043462783
2022-10-04,4.606773655058325,-1.0407101316192158,2.6401254269555974,5.647483786677541,0.8403518258708986
2022-10-05,-0.3917259557224195,4.763377667800794,3.0986607021085133,-5.155103623523214,0.837059949649575
2022-10-06,-1.133002699235175,-0.2952465308532659,-0.23282271079716477,-0.837756168381909,0.8275760378258287
2022-10-07,-4.355116358829818,0.20728457210541507,-1.031583971996075,-4.562400930935233,0.7915341384207204
2022-10-10,-1.9517011480125888,-0.5614657210401774,-2.789389067524106,-1.3902354269724113,0.7760857575542517
2022-10-11,-1.8186013293517471,0.0,-0.7635271093470175,-1.8186013293517471,0.7619718516504606
2022-10-12,0.027963286628655215,2.288261515601775,-0.6332981501027679,-2.2602982289731197,0.7621849240233673
2022-10-13,2.001342151212331,5.229517722254484,-0.32984849331917365,-3.2281755710421534,0.7774388521780327
2022-10-14,-3.027330823296734,2.4848150193263585,2.6391070226609914,-5.5121458426230925,0.7539032061737627
2022-10-17,2.8137650716868463,0.10775862068965747,-2.2788753176489984,2.706006450997189,0.7751162712634073
2022-10-18,0.817920560054178,1.4262648008611434,2.569694936107147,-0.6083442408069654,0.7814561066103961
2022-10-19,-1.4127447077593005,3.502255240116736,1.174963197208445,-4.914999947876037,0.7704161268207959
2022-10-20,-0.27061880443268166,2.1789284798769737,-0.7086465658933561,-2.4495472843096553,0.7683312359092369
2022-10-21,2.5112241062908343,-2.33316608128451,-0.8385345997286242,4.844390187575344,0.787625755121552
2022-10-24,-0.024538011371858223,2.5944002054970605,2.430146958211332,-2.618938216868919,0.7874324874241926
2022-10-25,2.7451372465018333,0.5758637956935431,1.2236501108765951,2.1692734508082903,0.8090485899275299
2022-10-26,-0.9649936026422545,0.5227781926810948,1.5968538020957102,-1.4877717953233494,0.801241322792462
2022-10-27,-0.12495453924697486,-0.32194155522535794,-0.7534033045827782,0.19698701597838308,0.8002401353893103
2022-10-28,2.9888714350466414,0.29813664596272105,-0.5340034553164674,2.6907347890839204,0.82415828420774
2022-10-31,0.0916131123483086,0.9908347783007088,2.379072582767505,-0.8992216659524002,0.8249133212625791
2022-11-01,0.5180413976125866,0.04905567819475376,-0.7223279008791382,0.46898571941783285,0.8291867137611401
2022-11-02,-3.2876177741896044,1.2012748222603564,-0.4375857694000618,-4.488892596449961,0.8019262239783101
2022-11-03,-0.6361479230532026,-2.737403100775204,-2.5096223863518063,2.1012551777220017,0.7968247869600532
2022-11-04,0.20530487253771526,3.0635118306351345,-1.0296902926347884,-2.858206958097419,0.7984607070732704
2022-11-07,0.8735623204044423,-0.6041565973900265,1.4393143041966594,1.4777189177944687,0.8054357589534975
2022-11-08,1.0364335847816597,-0.12156576708001188,0.9565563969708978,1.1579993518616716,0.8137835656631327
2022-11-09,-2.1672417756587707,1.2658227848101333,0.5395446769311807,-3.433064560468904,0.7961469082646357
2022-11-10,10.402722014961837,0.09615384615384581,-2.06020942408377,10.306568168807992,0.8789678579621191
2022-11-14,-1.0387273690190018,0.14409221902018654,0.9678481846512542,-1.1828195880391883,0.8698377782565865
2022-11-15,2.6629565452625372,0.04796163069544779,-0.8506687410604452,2.6149949145670894,0.8930011803058365
2022-11-16,-2.7214616264523013,0.3835091083413289,0.85290544644665,-3.10497073479363,0.868698495860047
2022-11-17,-0.18058771300654589,0.3581661891117527,-0.7628798715149765,-0.5387539021182985,0.8671297331134511
2022-11-18,-0.31729364941359384,0.5472281703545079,-0.3059805285118178,-0.8645218197681017,0.8643783855381051
2022-11-21,-1.263859374807228,0.5679129200189204,0.45403814935063297,-1.8317722948261483,0.8534538582786744
2022-11-22,1.8681520432489753,-0.8470588235294008,-0.3636088175138275,2.715210866778376,0.8693976739702947
2022-11-23,1.7447854370760703,0.8068343616516316,1.345700600623423,0.9379510754244387,0.8845667979760066
2022-11-25,-0.10126516886538361,0.0,0.6301575393848458,-0.10126516886538361,0.8836710399143091
2022-11-28,-1.402976631305394,1.0357815442561202,-0.022364693603704744,-2.438758175561514,0.8712733417266979
2022-11-29,-0.5091930896845192,0.2795899347623587,-1.5957050182685781,-0.7887830244468779,0.8668368780783622
2022-11-30,5.490786294921142,1.3708178438661678,-0.17175620721880946,4.119968451054974,0.9144330385792112
2022-12-01,0.977176358297426,-0.25212010084804115,3.1500645193937693,1.2292964591454671,0.9233686620446679
2022-12-02,-0.052929174706154235,-0.597426470588247,-0.07358712715855864,0.5444972958820928,0.9228799306323525
2022-12-05,-1.988559310639747,-0.4623208506703502,-0.11537139771220506,-1.5262384599693968,0.9045279158457372
2022-12-06,-2.3076280067911945,-0.1857872735717581,-1.7989235948981497,-2.1218407332194364,0.8836547763304363
2022-12-07,-0.173421540817547,0.3722661703117636,-1.4414775144523162,-0.5456877111293106,0.8821223286018163
2022-12-08,1.4177290963027185,0.23180343069078013,-0.17012416524895269,1.1859256656119384,0.8946284335193873
2022-12-09,-0.5990037222639075,-0.6706753006475497,0.7833960728456546,0.07167157838364213,0.8892695759021749
2022-12-12,1.3249751693008534,0.1862630966239731,-0.7470220068645395,1.1387120726768802,0.9010521769710258
2022-12-13,1.3478927360303572,-0.6042296072507503,1.4417209113100071,1.9521223432811075,0.9131973938122616
2022-12-14,-0.7135101759677349,0.4909983633387904,0.7569870911141807,-1.2045085393065253,0.9066816374807389
2022-12-15,-3.5234846819426866,0.8375988832014736,-0.6393511953628472,-4.36108356514416,0.874734848870118
2022-12-16,-1.174087227735653,-0.2538071065989689,-2.4461692538808144,-0.9202801211366842,0.8644646987329812
2022-12-19,-1.424420228580649,-0.5089058524173073,-1.6323178400020621,-0.9155143761633417,0.8521510886952898
2022-12-20,-0.08676209719698763,-0.7905138339920903,-0.8479661857176413,0.7037517367951027,0.8514117445394508
2022-12-21,1.1674285768076618,0.98429810171079,0.1368349034261529,0.18313047509687175,0.8613513685515011
2022-12-22,-2.5850947399970177,0.6962172197725769,1.495243601198304,-3.2813119597695946,0.8390846196301839
2022-12-23,-0.06390073938668106,-0.13828070984098773,-1.4266110866582027,0.07437997045430667,0.8385484383541603
2022-12-27,-1.371562775326224,-0.2769443803369631,0.5752258877915528,-1.094618394989261,0.8270472201206152
2022-12-28,-1.590354868591858,-0.3702846563295559,-0.39434854143272075,-1.2200702122623022,0.8138942343898733
2022-12-29,2.9607918538814317,3.507549361207918,-1.2427897220765427,-0.5467575073264861,0.8379919485808993
2022-12-30,-0.2525564483938325,-0.9425493716337718,1.8000318589709519,0.6899929232399393,0.835875545877737
2023-01-03,-1.415801659692378,0.1359311282283615,-0.2634049655747983,-1.5517327879207394,0.8240412060262373
2023-01-04,1.8448748721888273,-0.7918552036199178,-0.42099207698140795,2.636730075808745,0.8392437351726971
2023-01-05,-2.1292622593933492,2.941847206385417,0.7720182763510275,-5.0711094657787665,0.8213740350553418
2023-01-06,2.973175841906914,2.281789986708005,-1.1413383364602847,0.6913858551989089,0.8457949294373032
2023-01-09,0.6259823478942139,-0.04331817197313903,2.29321524592756,0.669300519867353,0.851089456394965
2023-01-10,2.178183923956498,0.04333694474538685,-0.05668934240361523,2.1348469792111113,0.8696277501126489
2023-01-11,1.3918130503254198,0.1299545159194393,0.7012839684422234,1.2618585344059805,0.8817313426279682
2023-01-12,0.7188805749800293,1.2329656067488592,1.2647857033130316,-0.5140850317688299,0.8880699379736311
2023-01-13,0.8591014496606522,-1.7948717948717885,0.36407766990291807,2.6539732445324407,0.8956993596847631
2023-01-17,0.6670417005643171,0.34812880765884285,0.3879484079000406,0.31891289290547425,0.901674047925548
2023-01-18,-1.503808042268059,0.0,-0.18318695106650515,-1.503808042268059,0.8881146010777996
2023-01-19,-1.3076063407822192,1.2575888985255856,-1.578801820147313,-2.565195239307805,0.8765015582406935
2023-01-20,2.2280631991879134,-0.29978586723768963,-0.7279879434979208,2.527849066425603,0.896030566900163
2023-01-23,1.6446117433716,0.021477663230240474,1.8629065459036642,1.6231340801413596,0.9107667908276023
2023-01-24,-0.7352462273492533,0.2576766158471022,1.1998585429928266,-0.9929228431963555,0.9040704123580925
2023-01-25,-0.14420811532343025,0.3641036624544958,-0.10733095374785284,-0.508311777777926,0.9027666694552341
2023-01-26,1.4586572443352828,-0.1920614596671033,0.03748125937033109,1.650718704002386,0.9159349408786873
2023-01-27,0.7584694678399712,0.04276245456491523,1.0990383414512195,0.7157070132750559,0.9228820277505303
2023-01-30,-1.5487002047603022,-0.14960461637103517,0.22977146386657932,-1.399095588389267,0.9085893518970618
2023-01-31,1.869199940260142,0.5779109589041154,-1.2546834943798157,1.2912889813560267,0.9255727035199316
2023-02-01,2.284795393360098,-1.0002128112364228,1.4703312613894681,3.285008204596521,0.9467201460121536
2023-02-02,1.7485384561644506,0.10748065348236135,1.0627829167486613,1.6410578026820892,0.9632739118374324
2023-02-03,-1.339389010004326,-0.5153532316942266,1.4556962025316311,-0.8240357783100993,0.9503719269260431
2023-02-06,-0.9481071811184796,-0.2805957263112391,-1.0629108882383886,-0.6675114548072405,0.9413613824395232
2023-02-07,1.5983776088867128,0.6493506493506551,-0.6111313204801849,0.9490269595360576,0.9564078919951429
2023-02-08,-0.48301683018811614,-0.19354838709678687,1.3078593563184748,-0.28946844309132924,0.9517882809115589
2023-02-09,-0.3625896909134086,1.5729368670545307,-1.0934752763794964,-1.9355265579679393,0.9483371947256516
2023-02-10,-0.8043310428545425,0.9121764955451583,-0.8669183002556923,-1.7165075383997008,0.9407094242775372
2023-02-13,1.615883220283156,0.021021652301866922,0.2333636296642183,1.594861567981289,0.9559101900160604
2023-02-14,1.3712995699218613,-0.2522068095838548,1.1739045191647701,1.623506379505716,0.9690185823405898
2023-02-15,2.5876658068584533,0.4214075010535056,-0.04602378703097987,2.1662583058049476,0.9940935448579218
2023-02-16,-2.459277930176264,0.20981955518253326,0.3247382706475399,-2.6690974853587974,0.969646021703924
2023-02-17,-0.6034630245212091,0.6909547738693567,-1.3768781100536365,-1.2944177983905658,0.9637945664941999
2023-02-21,-2.4805890979063965,0.0,-0.24982854903496943,-2.4805890979063965,0.9398867835515307
2023-02-22,0.602743973970957,0.04151961801950321,-2.0060894760104198,0.5612243559514538,0.945551894501537
2023-02-23,0.5151563941872084,0.2905167047105195,-0.13781352577111328,0.2246396894766889,0.9504229655464198
2023-02-24,-2.3561276818370986,-0.3931305607283275,0.5319415867917954,-1.9629971211087711,0.9280297869606435
2023-02-27,0.9535054623448502,0.06231823847113738,-1.0682374082763513,0.8911872238737129,0.9368786016715005
2023-02-28,-0.11240766490033272,-0.2906373261366002,0.3405822695393468,0.1782296612362675,0.9358254783124106
2023-03-01,0.4802836899530152,0.10410160316469685,-0.3695974656173884,0.3761820867883183,0.9403200954511698
2023-03-02,1.026401052488782,1.060732113144769,-0.38358653409377164,-0.03433106065598679,0.9499715508076442
2023-03-03,2.298660158848757,-0.12348219798312687,0.7777271115164465,2.422142356831884,0.9718081683664572
2023-03-06,-0.2880000766103321,-0.04121162167730619,1.6037806993288273,-0.24678845493302592,0.9690093600970564
2023-03-07,-1.3120926670551922,0.10307153164295091,0.06927435117147773,-1.4151641986981431,0.9562950593401446
2023-03-08,0.8548228755749476,1.7915980230642559,-1.5328701757856056,-0.9367751474893082,0.9644696882653772
2023-03-09,-1.9693527710178143,1.355452154562009,0.16320586536773263,-3.3248049255798233,0.9454758777338961
2023-03-10,-1.7816529610303786,-0.4790419161676662,-1.8449814499147732,-1.3026110448627124,0.9286307787624222
2023-03-13,0.2765750599457446,-1.4640994785399042,-1.442946164061698,1.7406745384856488,0.9311991398954589
2023-03-14,2.085160130003899,-2.442499491145944,-0.14252027674847012,4.5276596211498426,0.9506161330914983
2023-03-15,-0.28050850109343983,0.6259127894846728,1.6529997924019213,-0.9064212905781126,0.9479495740254109
2023-03-16,2.568757939717193,-3.296703296703307,-0.6254307814055671,5.865461236420501,0.972300103972704
2023-03-17,-1.5702361817650288,-0.06432246998284707,1.7545211672832073,-1.5059137117821817,0.9570326959447857
2023-03-20,1.0074536704415427,-5.599656726024438,-1.5450253717401718,6.6071103964659805,0.9666743569674071
2023-03-21,1.8408889064600367,4.409090909090918,0.9615631170029948,-2.5682020026308816,0.984469757966414
2023-03-22,-2.278303975892714,1.763169351327809,1.3130492202976685,-4.0414733272205225,0.9620405443292038
2023-03-23,1.221459447795214,0.7058823529411784,-1.7046451580557065,0.5155770948540357,0.9737914794495334
2023-03-24,-0.07072449411826298,-1.210705182667804,0.2703323047104078,1.139980688549541,0.9731027703519259
2023-03-27,-0.20681738244232092,-0.043001505052675526,0.6562046951700262,-0.1638158773896454,0.9710902246738103
2023-03-28,-0.48813758698705895,1.0539901053990164,0.1869867340492659,-1.5421276923860754,0.9663499682836204
2023-03-29,2.786073508253131,0.12771392081736277,-0.22446972180887315,2.6583595874357684,0.9932731887469829
2023-03-30,0.5585254222539255,1.3605442176870763,1.4534883720930258,-0.8020187954331508,0.998820872018567
2023-03-31,1.7293776460209238,1.342281879194629,0.5855238569826726,0.3870957668262949,1.0160942569030473
2023-04-03,-0.6002457350917987,-1.593543046357615,1.4094624721327609,0.9932973112658163,1.009995194461474
2023-04-04,-1.261218437356074,1.240799158780237,0.3810547399790032,-2.502017596136311,0.9972569488525156
2023-04-05,-1.6413447844242075,-0.290818446198593,-0.554812020927109,-1.3505263382256145,0.9808885239352169
2023-04-06,-0.1647050492489943,0.6250000000000089,-0.2618249443316123,-0.7897050492490032,0.9792729510087916
2023-04-10,0.9977053179631739,0.0,0.3900883218841855,0.9977053179631739,0.9890432093183812
2023-04-11,0.1331267696694196,2.014802631578938,0.10264180454067073,-1.8816758619095184,0.9903598905935814
2023-04-12,-0.7991248374593267,0.5038291011688845,0.026854813114907117,-1.3029539386282112,0.982445678727613
2023-04-13,1.4627896275285668,0.7218768798876951,-0.4075954310260754,0.7409127476408717,0.9968167922121433
2023-04-14,-0.48293629647586656,-0.3384431614572803,1.328268594534987,-0.14449313501858624,0.9920028021131844
2023-04-17,0.5656747896730252,1.0986815821014684,-0.24427407067019183,-0.5330067924284432,0.9976143118775886
2023-04-18,0.06984929357745705,1.8375815056312916,0.35882267371381005,-1.7677322120538346,0.9983111384270626
2023-04-19,-0.3214681108171855,-0.6208769887466103,0.06522684447021199,0.29940887792942483,0.9951018864702836
2023-04-20,-0.5107842706221701,0.09761811792268205,-0.016899640279088857,-0.6084023885448522,0.990019062557529
2023-04-21,-0.0366505793205385,-0.8386970938170535,-0.5457091804703662,0.802046514496515,0.9896562148357179
2023-04-24,-0.22921367372712798,-0.19669551534224894,0.07769253180538449,-0.03251815838487904,0.9873877874684241
2023-04-25,-2.469789754069512,-1.0839574300354649,0.10431829209121002,-1.3858323240340473,0.9630013850605954
2023-04-26,-0.24461077015489519,0.557880055788007,-1.5873785231321103,-0.8024908259429022,0.9606457799559963
2023-04-27,1.8590924689130075,1.6841688131563393,-0.4235618597320689,0.17492365575666824,0.9785050733040889
2023-04-28,0.18423994078707384,0.5455962587685104,1.9908002769809086,-0.3613563179814365,0.9803078704717427
2023-05-01,0.36357481406007475,-1.9186046511627919,0.8535195557818566,2.2821794652228666,0.9838720229890265
2023-05-02,-1.007860961945496,-0.5730092867022307,-0.10097853004111812,-0.4348516752432652,0.9739559609538168
2023-05-03,-1.1532549102345278,2.30524642289347,-1.1239200019253492,-3.4585013331279977,0.9627237660105951
2023-05-04,0.38818027348191647,1.243201243201253,-0.6863985979943533,-0.8550209697193365,0.9664608697583703
2023-05-05,2.6719067297698174,0.3453568687644015,-0.7082986128130964,2.326549861005416,0.9922838027780362
2023-05-08,0.16616349971470037,-0.09560229445507717,1.8512576210105491,0.2617657941697775,0.9939326162718343
2023-05-09,-0.5664199778958134,0.07655502392345248,0.026658265273971082,-0.6429750018192659,0.9883027833664481
2023-05-10,0.5558562438188446,-0.2103652706062387,-0.43853273247080876,0.7662215144250832,0.9937963260956258
2023-05-11,-0.43871984417514925,0.134151015714834,0.46723286204464204,-0.5728708598899832,0.9894363444023607
2023-05-12,0.36613684070180424,-1.11004784688995,-0.17439748092528126,1.4761846875917541,0.993059035374511
2023-05-15,1.3237642763913282,0.21288949100057852,-0.13102661781476677,1.1108747853907497,1.0062047961282752
2023-05-16,-1.6641765380390716,-0.656624179219767,0.3450035229233039,-1.0075523588193045,0.9894597719864845
2023-05-17,1.254316928501415,0.4860031104198859,-0.668264690927578,0.7683138180815292,1.0018707334072225
2023-05-18,1.3660259403814492,1.2381505126716874,1.213893967093238,0.1278754277097618,1.015556547514655
2023-05-19,-0.4578545111303929,0.03821899484044433,0.9633215326445566,-0.4960735059708372,1.010906776048779
2023-05-22,1.200941083029544,0.21012416427890201,-0.14550485413734604,0.9908169187506419,1.0230471708334785
2023-05-23,-1.4405551001228742,0.5718642775447869,0.040609622091647424,-2.012419377667661,1.008309612637374
2023-05-24,0.0711311491751054,-0.11372251705837888,-1.1222808567539877,0.18485366623348426,1.0090268348520859
2023-05-25,2.0230195966574542,1.4800759013282816,-0.7244801854669247,0.5429436953291726,1.0294396454566759
2023-05-26,1.6055655676860283,-0.7479431563201189,0.8659904157240605,2.353508724006147,1.0459679739442374
2023-05-30,0.025964449368937288,-0.7535795026375247,1.295068129747978,0.779543952006462,1.0462395537692473
2023-05-31,-0.9201446649991225,-0.05694760820045275,0.03809342412266492,-0.8631970567986698,1.0366126363321289
2023-06-01,1.659016363364616,2.6970560303893665,-0.554524251511257,-1.0380396670247505,1.0538102095935842
2023-06-02,1.0670194821653487,-0.5548363232846354,0.950101711140361,1.621855805449984,1.0650545698349951
2023-06-05,-0.18572626357408908,-0.037195462153616354,1.4461144564032136,-0.14853080142047273,1.0630764837774154
2023-06-06,1.0894390797733626,-1.469767441860459,-0.1916246027294788,2.5592065216338216,1.0746580544395672
2023-06-07,-0.17147238220577596,-0.3776435045317328,0.21774760009365401,0.20617112232595683,1.0728153126730535
2023-06-08,0.9027450714590199,0.32221379833208275,-0.34577015629744245,0.5805312731269372,1.0825001000340673
2023-06-09,0.05537928004170478,-0.9446438692612857,0.6048528894619487,1.0000231493029905,1.083099580795917
2023-06-12,1.9850272281918762,0.09536524890330078,0.1794328059096184,1.8896619792885754,1.104599402383148
2023-06-13,1.3099328695326795,-0.45731707317072656,0.9071877180739873,1.767249942703406,1.1190689130316263
2023-06-14,0.03572043556941784,-0.03828483920367276,0.6592899953895781,0.0740052747730906,1.119468649321683
2023-06-15,0.8354419170183802,0.536193029490617,0.11908578756927302,0.29924888752776324,1.1288211596659958
2023-06-16,-0.5608321257714519,-0.5523809523809486,1.239763941625882,-0.008451173390503275,1.122490367960083
2023-06-20,-0.646754662689352,0.09576709442635778,-0.7094441934026308,-0.7425217571157098,1.1152306091670623
2023-06-21,-1.8151672708163988,0.22962112514353095,-0.5188185500386799,-2.04478839595993,1.0949873081553354
2023-06-22,0.5670382523863249,-0.45819014891179677,-0.5123747655428001,1.0252284012981216,1.1011963050513516
2023-06-23,-1.2570860866821412,1.6685845799769838,0.36096932910285595,-2.925670666659125,1.0873533195134932
2023-06-26,-0.8359075804921288,0.01886436521409962,-0.7559964261987129,-0.8547719457062284,1.0782640506889472
2023-06-27,1.5146308726650057,-0.9053187476424029,-0.4085778259966255,2.419949620307409,1.0945957708895302
2023-06-28,0.0892171110141029,0.8374571754853565,1.0963285740775097,-0.7482400644712536,1.0955723376136004
2023-06-29,-0.6720941243685443,0.9248773121932841,0.0504390489946438,-1.5969714365618284,1.0882090603042922
2023-06-30,1.0928450610001246,-0.07480830372171843,0.39414285386925046,1.167653364721843,1.1001014992731835
2023-07-03,0.13925717643502855,-0.5240501590866531,1.1800689324598768,0.6633073355216816,1.1016334695589909
2023-07-05,-0.8150827450958005,-0.16933207902164463,0.11505143475907254,-0.6457506660741559,1.0926542452344155
2023-07-06,-1.8282024343445529,0.8857896720693591,-0.14871898871088307,-2.713992106413912,1.0726783137240707
2023-07-07,0.19107929282076655,0.22417336073230487,-0.7830659174508537,-0.03309406791153832,1.0747279798601763
2023-07-10,1.60331156768483,-0.09319664492077884,-0.25246781603966983,1.6965082126056088,1.09195921788242
2023-07-11,1.1384598624985838,0.708955223880592,0.2531068293239125,0.4295046386179918,1.1043907352928648
2023-07-12,1.2272729023270021,0.1667284179325712,0.6368557521721163,1.060544484394431,1.117944623522924
2023-07-13,1.3566008835549468,-0.2959127057517996,0.8045925055372161,1.6525135893067464,1.133110670163291
2023-07-14,-0.40044687155723935,-0.05564830272677401,0.793686381776615,-0.34479856883046534,1.1285731639333407
2023-07-17,1.3863885851010775,0.14847809948033142,-0.062283121274142594,1.2379104856207461,1.1442195734526266
2023-07-18,0.3267879563786535,0.2223869532987477,0.3472222222222321,0.1044010030799058,1.147958745213197
2023-07-19,-0.13086202309682893,-0.055473372781067454,0.7430574039570592,-0.07538865031576147,1.146456503174894
2023-07-20,-2.565806397575058,0.18501387604070718,0.2223738963869737,-2.750820273615765,1.1170406488710172
2023-07-21,0.4293718864565372,-0.1108033240997286,-0.6634446397188021,0.5401752105562658,1.121836907377561
2023-07-24,-0.6110360192634565,0.1479016454058124,0.0,-0.7589376646692689,1.1149820797960928
2023-07-25,0.7058640497065292,0.11076241462064651,0.44672475562828057,0.5951016350858827,1.1228523374580437
2023-07-26,0.07621807201550812,0.0921998893601339,0.27300748568912514,-0.01598181734462578,1.1237081538612352
2023-07-27,-0.4019862980405997,0.03684598378776993,0.015369752327409891,-0.43883228182836964,1.1191910010527482
2023-07-28,3.2200264236776355,0.09208103130755596,-0.6629931285811463,3.1279453923700795,1.155229247018069
2023-07-31,0.39997686889155837,-0.09199632014719183,0.9790271608212331,0.4919731890387502,1.1598498967888113
2023-08-01,-0.6970699201784498,-0.16574585635358297,0.1904053225947555,-0.5313240638248669,1.1517649320390757
2023-08-02,-2.174892953802146,-0.3320420586607753,-0.28615740841870796,-1.8428508951413707,1.1267152776877938
2023-08-03,0.6059113838510317,0.2220988339811214,-1.3910795653697905,0.3838125498699103,1.1335421738188927
2023-08-04,-0.919932032296999,-0.1108033240997286,-0.2865838757692307,-0.8091287081972705,1.123114356262337
2023-08-07,0.8173039212978708,-0.03697541135144755,-0.45227698066125926,0.8542793326493183,1.1322936139367283
2023-08-08,-1.1810291143495917,0.18494544109486366,0.8728542333430234,-1.3659745554444553,1.1189208966962143
2023-08-09,-1.1981078722418128,0.5538120731031881,-0.4348694282354515,-1.751919945345001,1.1055150173487382
2023-08-10,-0.2633371490295629,-0.1652285661832287,-0.6685236768802283,-0.0981085828463342,1.1026037856199584
2023-08-11,-1.1542063839360757,-0.055167340934170195,0.035894559730786924,-1.0990390430019055,1.089877462336812
2023-08-14,1.7165579086262575,-0.14719411223551582,-0.058307730259477,1.8637520208617733,1.1085858401108897
2023-08-15,-1.5346765600872532,0.36852773171180964,0.5520026926960631,-1.9032042917990628,1.0915726330742614
2023-08-16,-1.5085895634679343,-0.05507618872774289,-1.1648925487045658,-1.4535133747401914,1.075105282254031
2023-08-17,-1.5351029013498398,0.12858192505509347,-0.7338165232902094,-1.6636848264049333,1.058601309873584
2023-08-18,0.24148359903596806,-0.05503577325259856,-0.7619870803384555,0.2965193722885666,1.0611576584161087
2023-08-21,2.147202659734674,0.036710719530108626,0.04813312246441104,2.1104919402045654,1.0839428638815976
2023-08-22,-0.3449818973368082,-0.4220183486238649,0.6506300114547559,0.07703645128705672,1.080203457223732
2023-08-23,1.6729655872110818,0.36852773171180964,-0.2708608367096077,1.3044378554992722,1.0982748893349494
2023-08-24,-2.2643664802825465,0.33045713236643515,1.1137738217505522,-2.5948236126489816,1.0734059208794886
2023-08-25,1.1732462665360481,-0.01829826166512838,-1.385910660677603,1.1915445282011765,1.0859996157709841
2023-08-28,0.872318393450989,0.4758418740849146,0.7049829476527324,0.3964765193660745,1.0954729901721616
2023-08-29,2.739349499863509,0.18214936247722413,0.6341341455099236,2.557200137386285,1.1254818240495827
2023-08-30,1.1483603688158839,-0.7636363636363552,1.4454783629957557,1.9119967324522391,1.1384064112751944
2023-08-31,0.2591433618745085,0.16489556614143197,0.4118799536913187,0.09424779573307651,1.1413565159211678
2023-09-01,0.06323633308549724,-0.2012072434607548,-0.14633821866476548,0.26444357654625206,1.1420782679292687
2023-09-05,0.29570089280562994,-0.2932551319648091,0.18652159431553628,0.5889560247704391,1.1454554035640747
2023-09-06,-0.568745042436599,-0.07352941176471672,-0.4321904297524326,-0.49521563067188223,1.1389406827429818
2023-09-07,-1.0043217097314772,0.754231052244303,-0.6722464606891632,-1.7585527619757801,1.12750205420523
2023-09-08,0.19773063124747736,-0.2556143874383854,-0.3070234413518058,0.45334501868586274,1.1297314711343385
2023-09-11,0.8345782113270497,0.0,0.15061256603348117,0.8345782113270497,1.13915996383893
2023-09-12,-1.0663855616509847,-0.32948929159801743,0.6576584665110462,-0.7368962700529673,1.1270121264604431
2023-09-13,-0.1557074102266638,0.036730945821861205,-0.5485561378079984,-0.192438356048525,1.125257285065391
2023-09-14,0.7480207122330271,0.6976317238847062,0.11659454247852086,0.05038898834832095,1.1336744426235912
2023-09-15,-2.0073154101085704,-0.20054694621696179,0.8622427269266097,-1.8067684638916086,1.1109180208363454
2023-09-18,-0.6724307339130808,-0.09134088417975805,-1.552091660005328,-0.5810898497333228,1.1034478666356629
2023-09-19,0.13659907958648132,-0.2559882976778227,0.058641766470435286,0.39258737726430404,1.1049551662652037
2023-09-20,-1.5994038347979136,-0.10999083409716226,-0.20738002389378843,-1.4894130007007513,1.0872824709631603
2023-09-21,-2.3852016383945505,0.6056157093044634,-0.9193377154344762,-2.990817347699014,1.0613485916517702
2023-09-22,0.003074190277553921,0.036483035388545915,-1.652836038664962,-0.03340884511099199,1.0613812195269858
2023-09-25,0.2801572765191733,0.0,-0.22485453997541646,0.2801572765191733,1.0643547562450986
2023-09-26,-1.08788263043887,-0.5652808169219536,0.4205194925886335,-0.5226018135169164,1.052775825725658
2023-09-27,0.2605678112012195,0.3667705849990766,-1.4691252342502903,-0.10620277379785709,1.0555190206516072
2023-09-28,1.3197063096024204,0.23752969121140222,0.0399173476096637,1.0821766183910182,1.0694487717662002
2023-09-29,0.26342342372374095,-0.25519504192488274,0.5797441614833865,0.5186184656486237,1.0722659503357583
2023-10-02,-0.26845330058431666,-0.18274853801171217,-0.24269579016147347,-0.08570476257260448,1.0693874170010402
2023-10-03,-2.2009381169641604,0.10984987184181616,-0.03976794235988068,-2.3107879888059766,1.045850861722246
2023-10-04,1.7408834634332484,0.7498171177761526,-1.3386066321874113,0.9910663456570958,1.0640579064261426
2023-10-05,-0.49536305788055524,-0.29043383554183677,0.7281956403140555,-0.20492922233871846,1.0587869566432502
2023-10-06,2.1509216373067486,0.07281995266701369,-0.037677200584007586,2.078101684639735,1.0815606343866715
2023-10-10,1.2779017416575256,0.1819174094960907,0.6402197699864942,1.0959843321614349,1.095381916570581
2023-10-11,0.43124474312868216,-0.3086980207009149,0.5204839343958989,0.739942763829597,1.1001056935029738
2023-10-12,-1.2729994361679786,0.2003642987249643,0.40962857274358117,-1.473363734892943,1.0861013542274291
2023-10-13,-1.004737112919472,0.12724959098344701,-0.6096442977631011,-1.131986703902919,1.075188890837585
2023-10-16,1.6262753770860139,-0.2360203340595501,-0.498086058202285,1.862295711145564,1.092674423026441
2023-10-17,0.16987935030584425,-0.01819836214741466,1.0521436848204058,0.1880777124532589,1.0945306512372364
2023-10-18,-1.7152180615385189,0.23662176920276057,-0.004586735161915545,-1.9518398307412794,1.0757570638181402
2023-10-19,-1.3457636594407096,-0.2542218994007528,-1.332507683133799,-1.0915417600399568,1.0612799161894093
2023-10-20,-2.091499252959974,-0.2548698343346145,-0.8786406638618294,-1.8366294186253596,1.0390832546704936
2023-10-23,-0.001972889462079852,-0.29202409198758605,-1.2288066036629686,0.2900512025255062,1.03906275470646
2023-10-24,1.200196423333217,0.09152480322167644,-0.17331845485411002,1.1086716201115405,1.0515335487246344
2023-10-25,-2.5950194318956807,-0.1463057790782707,0.7539361651524468,-2.44871365281741,1.024246048802328
2023-10-26,-0.786241128369717,0.12820512820512775,-1.4352146920661888,-0.9144462565748448,1.0161930051109422
2023-10-27,-0.5106036068605397,-0.0548747027620089,-1.197461381870435,-0.45572890409853084,1.0110042869741813
2023-10-30,0.6233899855410456,-0.036603221083464366,-0.45327839049812413,0.65999320662451,1.0173067864525691
2023-10-31,1.5432564806586697,-0.16477480776271314,1.195578065647207,1.7080312884213829,1.0330064393626788
2023-11-01,1.37944636164857,0.45846323124885124,0.6280228109434738,0.9209831303997187,1.0472562091060627
2023-11-02,3.9790815693212305,-0.2555677254472366,1.0664753706360663,4.234649294768467,1.0889273879061743
2023-11-03,2.636461464527265,-0.6405563689604764,1.9164340131547775,3.2770178334877413,1.117636538865004
2023-11-06,-0.6034120372768266,-0.4604899613188551,0.9123409787352711,-0.14292207595797146,1.1108925854564884
2023-11-07,1.1997806475405004,-0.22205773501109416,0.23004900043708254,1.4218383825515946,1.1242208597117576
2023-11-08,0.11153348213250025,0.27818991097923185,0.28460602722120143,-0.1666564288467316,1.1254747423834541
2023-11-09,-1.2324171577362408,0.03698908821896385,0.07323827615406397,-1.2694062459552047,1.1116041985523326
2023-11-13,-0.12916583013591598,-0.1479016454058013,1.5604831274202535,0.018735815269885325,1.1101683857614468
2023-11-14,4.761492146979172,-0.01851508979817673,-0.09532239395384501,4.780007236777348,1.1630289662677236
2023-11-15,0.16569284886428418,-0.35185185185185874,1.9400713328335595,0.5175447007161429,1.1649560220950492
2023-11-16,-0.35881901522864806,0.09291953168555356,0.21170859982617696,-0.4517385469142016,1.1607759383687208
2023-11-17,1.0549091883314228,-0.018566654288898476,0.12230919765165993,1.0734758426203213,1.1730210703985127
2023-11-20,0.9047777392936136,-0.24141132776229757,0.1243808719987527,1.1461890670559112,1.183634303920702
2023-11-21,-0.6715977234659922,0.03723008190616994,0.7697597550966107,-0.7088278053721622,1.175685042881408
2023-11-22,-0.08199149526312377,0.11164867882396123,-0.2179368643508095,-0.193640174087085,1.1747210811351647
2023-11-24,0.05983964942434472,0.26022304832713505,0.3860833498797733,-0.20038339890279033,1.17542403011183
2023-11-27,-0.38724652798074866,0.4820170559881376,0.06153575667005029,-0.8692635839688863,1.1708722413661705
2023-11-28,-0.04285647739604537,-0.2952029520295163,-0.18010103228640606,0.25234647463347093,1.1703704467687128
2023-11-29,1.288682148792189,0.2590673575129543,0.099014258053165,1.0296147912792346,1.1854528017909607
2023-11-30,-0.04061355849842174,-0.40605389442599504,-0.07034049194380998,0.3654403359275733,1.1849713472238341
2023-12-01,1.7400844250594127,0.09266123054114672,0.3937440883394538,1.647423194518266,1.2055908490782927
2023-12-04,-1.0840381525825995,-0.388816885761889,0.5915863277826672,-0.6952212668207105,1.1925217843102396
2023-12-05,-0.7868629429837304,-0.26022304832714616,-0.5249401001960363,-0.5266398946565842,1.183138272302494
2023-12-06,-0.7894319188658687,0.2422661200149001,-0.019707022268933283,-1.0316980388807688,1.17379820113662
2023-12-07,1.408185080813069,0.2230897936419396,-0.40297853701271036,1.1850952871711293,1.1903274522838778
2023-12-08,1.1334743568760075,-0.018549434242265406,0.7630398451930809,1.152023791118273,1.2038195087183712
2023-12-11,1.693975471692796,-0.18552875695732052,0.4299151081334607,1.8795042286501165,1.224211915919513
2023-12-12,0.15531669112071622,0.18587360594795044,0.38896132116470467,-0.030556914827234216,1.226113321359625
2023-12-13,1.4405032167845588,0.22263450834880683,0.4567198424208385,1.217868708435752,1.243775523195234
2023-12-14,1.7932372270482784,-0.05553498704183868,1.3790131437190212,1.848772214090117,1.2660793688980854
2023-12-15,0.5110488478646804,-0.3148731246527148,0.3209351753453716,0.8259219725173952,1.2725496529258915
2023-12-18,0.22657507795913426,-0.03716090672611916,-0.5677845808351512,0.2637359846852534,1.275432933294077
2023-12-19,1.8085056734172067,0.07434944237918462,0.5625039950567956,1.734156231038022,1.298499210253332
2023-12-20,-2.572517997501216,0.24145616641901846,0.608089497213804,-2.8139741639202343,1.2650950843721538
2023-12-21,2.4645686599574503,-0.20381693533444434,-1.3857299300817139,2.6683855952918947,1.2962742213402523
2023-12-22,-0.15375459949861225,-0.25993316004456757,0.9481911758424831,0.10617856054595531,1.294281140102827
2023-12-26,0.8526146024584285,0.09307520476544706,0.20097313306537412,0.7595393976929814,1.305316370100209
2023-12-27,0.1199114039616962,-0.22317277292169813,0.4222527182518698,0.3430841768833943,1.3068815932857383
2023-12-28,0.004476411544440229,0.3914259086672756,0.1808052139177896,-0.3869494971228354,1.3069400946842522
2023-12-29,-0.967760183986428,0.03713330857779695,0.03777465320768947,-1.004893492564225,1.2942920488193435
2024-01-02,-1.915500790074542,-0.6495916852264361,-0.28949631836203693,-1.265909104848106,1.269499874398337
2024-01-03,-1.7735385760527222,0.2802167009153811,-0.5596347646798949,-2.0537552769681033,1.2469848044029417
2024-01-04,-0.5531484236702773,0.2794336810730158,-0.8166719559927982,-0.8325821047432931,1.2400871276139789
2024-01-05,-0.22522725378302866,0.13003901170349774,-0.32210584696773514,-0.3552662654865264,1.237294113431937
2024-01-08,1.9224517682183038,-0.2782931354359919,0.13696284882727117,2.2007449036542956,1.2610804959936703
2024-01-09,0.12007431656742451,0.07441860465116079,1.4275944605915525,0.04565571191626372,1.2625947297805997
2024-01-10,0.5766257752351739,-0.1301357129577907,-0.1517067003792727,0.7067614881929646,1.2698751764292757
2024-01-11,0.13778240066743574,-0.11169024571854314,0.5655440195830197,0.24947264638597888,1.27162484093284
2024-01-12,-0.406790691030563,-0.0745434215430385,-0.04406580493536705,-0.3322472694875245,1.2664519894550927
2024-01-16,-0.7857489318784284,-0.20514733308467648,0.06927679227457517,-0.580601598793752,1.2565008564751963
2024-01-17,-0.6072681370832984,0.0,-0.3671225979692827,-0.6072681370832984,1.2488705271316438
2024-01-18,1.8192771386295434,0.5606428704915123,-0.5558713915734925,1.2586342681380311,1.271590943122832
2024-01-19,1.7366729768815432,-0.07433562534845395,0.8892841262783335,1.8110086022299972,1.2936743194085194
2024-01-22,0.5649546127211806,-0.33475915938254713,1.246615878612345,0.8997137721037278,1.3009829921496072
2024-01-23,0.46898428430191386,0.13062138458665995,0.21142963746034749,0.3383628997152539,1.3070843979242297
2024-01-24,0.4869073329591566,-0.1490868430860992,0.2916537387527285,0.6359941760452559,1.3134486877056877
2024-01-25,0.26005405655269825,0.1679731243001248,0.10930990388977602,0.09208093225257347,1.3168643642988045
2024-01-26,-0.7691092591975557,0.0,0.5438925400193639,-0.7691092591975557,1.3067362385419095
2024-01-29,0.935301287748012,-0.2422209800633457,-0.12704137040754349,1.1775222678113577,1.3189581594084618
2024-01-30,-1.1155039427369409,0.07471049682479247,0.7919410763012502,-1.1902144395617333,1.30424512913721
2024-01-31,-1.6131139963557053,-0.055991041433356425,-0.07735054043601641,-1.5571229549223489,1.28320616841231
2024-02-01,0.9256290718319721,0.37348272642390157,-1.6317301228381043,0.5521463454080705,1.2950838977586756
2024-02-02,1.3432867471540824,-0.14883720930232158,1.308813783962881,1.492123956456404,1.3124805881217945
2024-02-05,-0.6575943681176191,0.05589714924538747,1.0527391659852947,-0.7134915173630065,1.3038497896916685
2024-02-06,0.4072886943600382,0.3165735567970174,-0.3641144937797102,0.0907151375630208,1.30916022247652
2024-02-07,1.1944416311897537,-0.20419528494521888,0.29032585524313426,1.3986369161349725,1.324797377192756
2024-02-08,-0.06763738123857001,0.09300595238095344,0.8340418640430781,-0.16064333361952343,1.3239013189401054
2024-02-09,0.9202105162894066,0.01858390633711071,0.04416783778358191,0.9016266099522959,1.3360839981022865
2024-02-12,0.08631163663600239,0.01858045336307068,0.5779418847327022,0.0677311832729317,1.3372371940678802
2024-02-13,-2.0413626083188645,0.07430800668770665,-0.04389465283319849,-2.115670615006571,1.309939334003646
2024-02-14,1.4594876254352576,0.24132170038984047,-1.37730049103757,1.218165925045417,1.3290577364841383
2024-02-15,0.49256590521348714,-0.2592592592592591,0.9087597150259086,0.7518251644727463,1.3356042217546613
2024-02-16,-0.31431103596717463,-0.20423319717787217,0.6899733237057947,-0.11007783878930247,1.331406270288843
2024-02-20,-0.8114818653427274,-0.07441860465114969,-0.4979980478476476,-0.7370632606915777,1.320602149851413
2024-02-21,-0.16049658800049382,-0.05585552038727126,-0.5505395287381587,-0.10464106761322256,1.3184826284598405
2024-02-22,1.810235247935033,0.48435171385989845,0.09058700378452578,1.3258835340751345,1.342350265738121
2024-02-23,0.03551884818003126,0.16685205784203738,2.069548078276795,-0.13133320966200612,1.3428270530910527
2024-02-26,0.3289829761004053,0.1110494169905607,0.06896551724138167,0.21793355910984458,1.3472447254941928
2024-02-27,0.2696919428648678,-0.2033647624329893,-0.3662498769321676,0.4730567052978571,1.3508781359695226
2024-02-28,-0.32396661292963413,-0.2593553167839824,0.18577442241940467,-0.06461129614565175,1.346501741827615
2024-02-29,1.2950850899414021,0.2786032689450213,-0.13216814944864153,1.0164818209963808,1.3639400851218257
2024-03-01,1.9778329142405462,-0.01852194850898714,0.35949907162327044,1.9963548627495333,1.3909165410558857
2024-03-04,-0.43316089264110547,-0.3334568358651313,0.9388285309400279,-0.09970405677597416,1.3848916345507551
2024-03-05,-1.2856325810685438,-0.018587360594801705,-0.10724383347958666,-1.2670452204737421,1.367087016484478
2024-03-06,1.1980213839816778,-0.2974530581892343,-0.9994144056217013,1.495474442170912,1.3834650112795992
2024-03-07,1.916719221070512,-0.18646280067128315,0.5067234512401875,2.103182021741795,1.4099821510675805
2024-03-08,-0.6307074413500966,0.4670278348589684,0.99264345267287,-1.097735276209065,1.401089288719089
2024-03-11,-0.5658356488467566,-0.1301599107474849,-0.6002214409199347,-0.43567573809927174,1.393161426051343
2024-03-12,0.9353321733977151,0.2606590951405474,-0.08598452278590907,0.6746730782571677,1.4061921130965676
2024-03-13,-0.8226606762274606,-0.20427112349118423,1.075731497418242,-0.6183895527362764,1.39462392354991
2024-03-14,-1.1773157260154803,0.18608113137328353,-0.15673981191220987,-1.3633968573887638,1.3782047967791828
2024-03-15,-0.9914783099987838,0.0928677563150071,-0.19768591197162344,-1.084346066313791,1.3645401951517544
2024-03-18,0.9100241565621365,-0.14845054741139396,-0.9942712884746241,1.0584747039735305,1.3769578405536356
2024-03-19,0.2320783940894691,0.07433562534844285,0.5943157523095932,0.15774276874102625,1.3801534621972815
2024-03-20,0.8775786795401337,-0.20427112349118423,0.5557072105447869,1.081849803031318,1.3922653947264598
2024-03-21,0.9594566336032764,0.0,0.924938434391409,0.9594566336032764,1.4056235774135257
2024-03-22,-0.3098742598941784,-0.01860811313731947,0.33046418690441115,-0.2912661467568589,1.4012679117561175
2024-03-25,-0.20874900135041982,-0.14889261120416553,-0.1895825354270464,-0.059856390146254296,1.3983427789840828
2024-03-26,0.15507185683872038,0.09319664492077884,-0.27628019416359173,0.06187521191794154,1.4005112150964236
2024-03-27,1.1273639105333282,-0.3165735567970285,-0.18469707755354173,1.4439374673303567,1.4163000730983923
2024-03-28,-0.3495462990781873,0.0934055669717937,0.8403847265858522,-0.442951866049981,1.4113494486090352
2024-04-01,0.4616666157921139,-0.055991041433356425,-0.019114245847418054,0.5176576572254703,1.4178651778454294
2024-04-02,-1.9197403224593428,0.07469654528478031,-0.1739728908176863,-1.994436867744123,1.390645848308221
2024-04-03,1.0788389992587022,-0.3172233625676535,-0.6358204381798571,1.3960623618263557,1.4056486780613417
2024-04-04,-1.4436071152665315,0.20591538749532567,0.10986045794463273,-1.6495225027618572,1.3853566337291983
2024-04-05,0.951846110919247,-0.20549224733794613,-1.2206156985810623,1.157338358257193,1.3985430969697115
2024-04-08,0.53174460674387,0.2620741295395135,1.0446917574599812,0.26967047720435655,1.4059797744608367
2024-04-09,1.2031170569078626,0.16803584764750745,0.055938120864929,1.0350812092603552,1.4228953569440497
2024-04-10,-1.4854383906359978,-0.13047530288911036,0.1156693399136488,-1.3549630877468875,1.4017591230534256
2024-04-11,0.9766885121440181,0.5785740948115015,-1.0013094046060322,0.3981144173325166,1.415449943376219
2024-04-12,-2.1894804342527054,0.0,0.7546876215669407,-2.1894804342527054,1.3844589438093557
2024-04-15,-1.8920324369201529,-0.33401373167563086,-1.380308880308878,-1.558018705244522,1.3582645315166406
2024-04-16,-0.13858670634474368,0.16756656116179158,-1.252813937555064,-0.30615326750653526,1.3563821574389627
2024-04-17,-0.6575936685093157,-0.22304832713754272,-0.18237684606997598,-0.4345453413717729,1.347462674250854
2024-04-18,-0.9306650685274724,0.29806259314455463,-0.5918217385259994,-1.228727661672027,1.3349223098301553
2024-04-19,-1.9815916331938768,0.1857355126300142,-0.2057736489861184,-2.167327145823891,1.3084696010289225
2024-04-22,1.1091186530621169,-0.05561735261401246,-0.8728379244074214,1.1647360056761293,1.3229820814435818
2024-04-23,1.8029467259362786,0.09274717121128262,0.9209144518943279,1.710199554724996,1.3468347435656924
2024-04-24,1.1758205526103112,-0.5189028910303817,1.186664532137982,1.6947234436406928,1.3626711032902343
2024-04-25,0.35826134737766585,0.6892697466468034,-0.04746366063481666,-0.33100839926913755,1.367553027145208
2024-04-26,0.532753950121867,-0.11100832562442875,-0.3798895945865799,0.6437622757462957,1.3748387199173353
2024-04-29,1.3904144113228951,-0.14817558807186382,0.9473872370851398,1.538589999394759,1.3939546756115133
2024-04-30,-2.0739428924303236,-0.11129660545353692,0.3541494510683529,-1.9626462869767867,1.365044851692968
2024-05-01,-0.3379403593692545,-0.018570102135551103,-1.5841273575657788,-0.3193702572337034,1.3604318142156053
2024-05-02,1.7651865967249458,0.2971768202080227,-0.3247141320371294,1.468009776516923,1.3844459742577213
2024-05-03,0.828104994525642,-0.3148148148148233,0.9353452583191756,1.1429198093404653,1.3959106405170587
2024-05-06,1.0090002926982922,0.05573100501579109,1.239530324931204,0.9532692876825011,1.4099953829656826
2024-05-07,-0.3606047105533796,-0.018566654288898476,1.0326820395470282,-0.34203805626448114,1.4049108731961233
2024-05-08,-0.39623274767592337,-0.018570102135551103,0.11034322550669273,-0.37766264554037227,1.3993441562408604
2024-05-09,0.4617639620283396,0.0,0.009668561704767598,0.4617639620283396,1.4058058232591304
2024-05-10,0.762726478022393,-0.11144130757800852,0.5761905682631019,0.8741677856004015,1.4165282765027085
2024-05-13,0.30089644126754544,0.05578281889178083,0.12880404483150976,0.24511362237576462,1.4207905596762536
2024-05-14,0.35016059065176686,-0.11150343802267537,0.013439827970196383,0.46166402867444223,1.4257656082919403
2024-05-15,1.5765388801309534,-0.13023255813953138,0.4588124628054801,1.7067714382704848,1.4482433574461986
2024-05-16,-0.02449927595314083,0.2049180327868605,1.2382954328301166,-0.22941730874000132,1.447888548309585
2024-05-17,0.05430984170181441,0.074363264547328,-0.2057457812676855,-0.02005342284551359,1.4486748942881904
2024-05-20,0.8001202966102894,-0.13003901170350884,0.1437515368174047,0.9301593083137982,1.460266036149288
2024-05-21,-0.14311663633135877,0.07440476190474499,0.11521390121822517,-0.21752139823610375,1.458176152516862
2024-05-22,1.3131034056035649,-0.11152416356877692,0.24525525412217863,1.4246275691723418,1.4773235132352598
2024-05-23,-1.1019194728626127,0.18608113137328353,-0.2879403794037838,-1.2880006042358962,1.4610445977657425
2024-05-24,2.0100037819550516,-0.018573551263012522,-0.7304229658569694,2.028577333218064,1.490411649436884
2024-05-28,0.3422417390732227,0.09293680297397522,0.6616472735569312,0.24930493609924748,1.4955124601852667
2024-05-29,-0.6857197435067124,0.0,0.06988516168024983,-0.6857197435067124,1.4852574359791735
2024-05-30,0.01720520045515748,0.07428040854224882,-0.7002510333893097,-0.057075208087091336,1.485512977498309
2024-05-31,0.27428053345001,0.0,-0.6633719825128281,0.27428053345001,1.4895874504174602
2024-06-03,0.27514129213906235,-0.05566895527927551,0.910813034576452,0.33081024741833787,1.49368592057608
2024-06-04,-0.21126699260935092,-0.11139992573339086,0.08153668202588449,-0.09986706687596006,1.4905302552526496
2024-06-05,2.572106667891776,-0.018587360594801705,0.1117847669571903,2.5906940284865776,1.5288682833349474
2024-06-06,0.39738810177392203,0.0,1.1885160582145726,0.39738810177392203,1.5349438239847157
2024-06-07,-0.6136584959691058,-0.018590816136820898,-0.0018703125292174327,-0.5950676798322849,1.5255245108004805
2024-06-10,1.1600261226863107,-0.037188545927846484,-0.1215725881868801,1.1972146686141572,1.5432209936337486
2024-06-11,0.3133644124905661,-0.11160714285715079,0.30898297784685,0.4249715553477169,1.54805689903388
2024-06-12,2.4043729191496026,0.16759776536312554,0.24082440353956347,2.236775153786477,1.585277959887278
2024-06-13,-0.6524456756006316,0.1859081613682978,0.8213055219294051,-0.8383538369689294,1.5749348823917435
2024-06-14,-0.10237260936114406,-0.11133791055855102,0.20134476134181511,0.00896530119740696,1.5733225804569002
2024-06-17,1.1523807239111146,-0.037154003343853326,0.060835100009204446,1.189534727254968,1.5914532465990263
2024-06-18,0.207107741513449,0.07433562534844285,0.7959025756291815,0.13277211616500614,1.5947492694753
2024-06-20,-0.12234421770344017,-0.018570102135551103,0.2540668981904526,-0.10377411556788907,1.592798185957229
2024-06-21,0.11827373129537788,-0.20430906389301562,-0.2716549071086094,0.3225827951883935,1.5946820478037658
2024-06-24,-0.6847472865375138,-0.24195049320677733,-0.45521023765996427,-0.4427967933307365,1.5837625057525286
2024-06-25,0.47328111540353474,-0.11194029850746245,-0.3250629005895122,0.5852214139109972,1.5912581546050975
2024-06-26,-0.0642327982506461,-0.01867762420620922,0.3850830968788132,-0.045555174044436875,1.590236044965003
2024-06-27,0.6814261318285801,0.39230338128153347,0.12480957362845935,0.28912275054704667,1.6010723289331519
2024-06-28,0.044350311863031046,-0.01860811313731947,0.15765063885171404,0.06295842500035051,1.6017824095041864
2024-07-01,-0.1599500040743531,-0.03722315280103583,-0.39350623204055246,-0.12272685127331728,1.5992203584749223
2024-07-02,0.8067230163260803,-0.22342208154906285,0.2057991253537228,1.0301450978751432,1.6121216371885119
2024-07-03,1.064707093109738,-0.037320395596185385,0.6729746580115048,1.1020274887059234,1.6292860106092146
2024-07-05,0.9306401565363318,0.29867463132349226,0.44625780951168537,0.6319655252128396,1.6444488004887725
2024-07-08,0.23091215598747675,-0.24195049320677733,0.5766510717005735,0.4728626491942541,1.6482460326680912
2024-07-09,-0.2262960988080924,-0.01865671641791966,0.1153901629886045,-0.20763938239017274,1.6445161161974042
2024-07-10,0.7554870646059939,-0.018660197798103795,0.0972482351246251,0.7741472624040977,1.6569402227306365
2024-07-11,-0.2725118373366945,0.18663680477790656,0.9895289842035249,-0.45914864211460105,1.6524248644861024
2024-07-12,0.6979191652589245,-0.4843517138599207,-0.862253260172452,1.1822708791188452,1.6639574543068547
2024-07-15,-0.08357037608783191,-0.14975664545113787,0.6307504312823342,0.06618626936330596,1.662566878804349
2024-07-16,1.3869945094604241,-0.01874765654291677,0.2750049108019681,1.405742166003341,1.685626590129473
2024-07-17,-3.8143216316125,-0.1125070316894794,0.5930226345876477,-3.7018145999230208,1.6213313704739523
2024-07-18,-1.2496895672373687,0.18772292096864707,-1.4021173388096053,-1.4374124882060157,1.6010697614867926
2024-07-19,-0.18257063254628392,-0.018737118231204608,-0.7684849355406476,-0.1638335143150793,1.5981466782957388
2024-07-22,1.7702851578718861,-0.03748125937033109,-0.6640610863822173,1.8077664172422172,1.6264384317426306
2024-07-23,-1.044522529896013,-0.11248593925757833,1.0309841709320589,-0.9320365906384347,1.6094499158881914
2024-07-24,-3.541319024859423,-0.4129129129129217,-0.15685567474984508,-3.1284061119465014,1.552454159821259
2024-07-25,-1.5670634548504858,0.18846588767431616,-2.26624291234786,-1.755529342524802,1.528126218029394
2024-07-26,0.025095053760702583,-0.11286681715576563,-0.5210354193226685,0.13796187091646822,1.5285097021253398
2024-07-29,0.12421249143955304,-0.3201506591337,1.119964339443924,0.44436315057325304,1.5304083021082449
2024-07-30,-1.9104926106488835,-0.22671452862271793,0.05877599000807532,-1.6837780820261656,1.5011699645837098
2024-07-31,3.9791056652588632,-0.20829388373414523,-0.5066451281298123,4.1873995489930085,1.5609031036896246
2024-08-01,-2.0500860815809085,-0.11385199240985244,1.6254612546125369,-1.936234089171056,1.5289032464139192
2024-08-02,-3.3520364978859063,-0.20896656534954428,-1.4160962945480193,-3.143069932536362,1.477653851576762
2024-08-05,-2.3478490106166725,-1.713306681896054,-1.8618441649325135,-0.6345423287206184,1.4429607702421778
2024-08-06,0.8270116614871723,0.7747433662599335,-2.912366297616808,0.05226829522723886,1.4548942240827658
2024-08-07,0.6997390856862666,0.0768787238131674,0.9219529166183404,0.6228603618730992,1.4650746876240648
2024-08-08,5.248786010693317,0.21125408104474275,-0.6683903092980947,5.0375319296485745,1.5419733228742856
2024-08-09,0.39047117411292254,0.07665772326563847,2.311726371804257,0.31381345084728407,1.5479942842126209
2024-08-12,-0.299433915571389,-0.13404825737266535,0.4409686233864285,-0.16538565819872364,1.5433590643145818
2024-08-13,3.3258050002388773,-0.11505273250239645,0.05253381864573914,3.4408577327412737,1.594688177247196
2024-08-14,-0.42839375167455884,-0.5375311960069018,1.6445702927222472,0.10913744433234296,1.587856632737176
2024-08-15,3.3809667278163795,0.5983400887859425,0.31547487270313646,2.782626639030437,1.6415415371754454
2024-08-16,0.35671248045141996,0.19186492709133418,1.714022988505759,0.16484755336008577,1.6473971207103442
2024-08-19,1.4167384851783313,-0.13404825737266535,0.22420308460049387,1.5507867425509967,1.6707364297231675
2024-08-20,-0.6329352349174315,-0.325982742090114,0.9561436741173823,-0.3069524928273175,1.660161750176848
2024-08-21,1.2184220045686667,-0.5194305502116192,-0.1626132485123555,1.7378525547802859,1.680389526252435
2024-08-22,-2.239985472852954,-0.4061110036743365,0.34365491319132685,-1.8338744691786175,1.6427490449770379
2024-08-23,3.2794574764466575,0.19417475728154,-0.7848453497912966,3.0852827191651175,1.6966223013517936
2024-08-26,-0.8263382618455255,-0.4457364341085346,1.0625292150587828,-0.3806018277369909,1.6826024621167195
2024-08-27,0.5041623326213265,-0.01946661475568101,-0.2383790226460181,0.5236289473770075,1.6910855099384707
2024-08-28,-1.3772318295541346,-0.8372274143302216,0.13730630004100686,-0.540004415223913,1.6677953420306202
2024-08-29,0.6341396692515331,-0.09817396426466951,-0.5805256784671253,0.7323136335162026,1.6783714938963659
2024-08-30,1.6527135191670095,0.19654088050313767,0.008955758552753323,1.4561726386638718,1.7061101664778362
2024-09-03,-2.3252009937239326,0.0,0.95459837019789,-2.3252009937239326,1.6664396759328686
2024-09-04,0.31959035127714985,0.09813542688910104,-2.057905194436549,0.2214549243880488,1.6717654563470044
2024-09-05,-0.2678384400133549,-0.3529411764705892,-0.20468048108969186,0.08510273645723432,1.6672878258280424
2024-09-06,-2.712445580812922,-0.31483667847304053,-0.24321626281876838,-2.3976089023398814,1.6220635508769379
2024-09-09,0.9687244348988995,-0.23687327279904302,-1.683011590036576,1.2055977076979425,1.6377768768438716
2024-09-10,0.39258802137930227,-0.5342303126236625,1.1196239544007724,0.9268183340029648,1.6442065926792806
2024-09-11,3.0085013177403477,-1.173662223990457,0.4355703592540338,4.182163541730805,1.6936725696864106
2024-09-12,-0.179836568488351,0.7246376811594013,1.0258933289600813,-0.9044742496477522,1.6906267270556579
2024-09-13,0.5739840123334647,-0.6195043964828062,0.8423217055661958,1.193488408816271,1.7003306541771939
2024-09-16,0.3508176251145381,-1.7293384275085533,0.5222772719955637,2.0801560526230913,1.7062957137972727
2024-09-17,0.2823369831141358,-0.42971147943523524,0.14768420490738343,0.712048462549371,1.7111132176386137
2024-09-18,-0.5053817939505674,-0.14385532264693524,0.04086418875701714,-0.36152647130363214,1.7024655629627865
2024-09-19,2.6084645018199524,-1.9345544350689472,-0.2965883460315899,4.5430189368889,1.74687377282838
2024-09-20,-0.5331602981674011,-0.9863588667366142,1.7064481653010333,0.45319856856921314,1.7375601354125603
2024-09-23,0.3208345832270374,-1.1445527766002606,-0.4781253283827836,1.465387359827298,1.7431348292313305
2024-09-24,0.04917003050270452,-0.7718696397941538,0.2498900131984172,0.8210396702968583,1.7439919291585668
2024-09-25,-0.3196149598502398,-0.4969749351771746,0.286130566819387,0.17735997532693482,1.738417870054395
2024-09-26,1.461428829989062,0.21715526601520097,-0.22054962366532258,1.2442735639738611,1.7638236099930515
2024-09-27,0.04507725121476458,-0.13001083423619386,0.39646340607677466,0.17508808545095844,1.7646186931927135
2024-09-30,-0.187909270240449,-0.26036016489475733,-0.1450288310326675,0.07245089465430832,1.7613028110838085
2024-10-01,-1.6809438688045966,0.4350663476180073,0.4007209477312923,-2.116010216422604,1.7316962994698122
2024-10-02,0.2005177644853111,-0.6064544076239908,-0.8958449525934165,0.8069721721093019,1.735168658177184
2024-10-03,-0.33978984591417083,0.10895619960775704,0.04220744961485057,-0.44874604552192787,1.7292727312672127
2024-10-04,1.0882094140641136,-0.1306051371353978,-0.1828217839187074,1.2188145511995114,1.748090839923706
2024-10-07,-1.0315673502850053,0.8718395815169977,0.9087386847944634,-1.903406931802003,1.7300581055657303
2024-10-08,1.22951789071206,0.43215211754537025,-0.9040455164229244,0.7973657731666899,1.7513294794933751
2024-10-09,0.9027314100941801,-0.2581755593803692,0.9457555477280666,1.1609069694745493,1.7671392807990007
2024-10-10,-0.8381746268237196,0.4314063848144922,0.6926391820925692,-1.2695810116382118,1.7523275677267083
2024-10-11,0.24106625549712032,-0.10738831615120237,-0.17500086634092415,0.3484545716483227,1.7565518381782708
2024-10-15,-0.32740095934179175,-0.38701354547409084,0.8178336036440248,0.059612586132299084,1.7508008706087392
2024-10-16,-0.2457985566483485,0.08633714655730262,-0.7769715224534623,-0.3321357032056511,1.7464974273389962
2024-10-17,-0.17033444032372416,-0.25878800948888614,0.4346476249611931,0.08845356916516198,1.7435225407208699
2024-10-18,1.2332780654343902,0.4540540540540539,0.008586639189434031,0.7792240113803364,1.7650250217814847
2024-10-21,-1.1643519255603745,-0.27981058975462547,0.3846484073151801,-0.884541335805749,1.7444739189537497
2024-10-22,0.02307894771797649,0.10792143319662273,-0.16421765681932102,-0.08484248547864624,1.744876525177459
2024-10-23,-1.1973294286543075,-0.49590340664078525,-0.05311584394221969,-0.7014260220135222,1.7239846050478287
2024-10-24,1.2665891672864515,0.10834236186347823,-0.9137351710896356,1.1582468054229733,1.7458204073010508
2024-10-25,0.7297462168557836,-0.23809523809523725,0.21626671741725723,0.9678414549510208,1.7585604656764264
2024-10-28,0.38175615366067545,0.41223692775005377,-0.03452800220979935,-0.030480774089378326,1.76527387846999
2024-10-29,1.1927488361412442,-0.561797752808979,0.30913235700471553,1.7545465889502232,1.7863291621101463
2024-10-30,-0.46555404640118636,-0.17383746197305872,0.16183737065922355,-0.29171658442812765,1.7780128344138981
2024-10-31,-1.9953496603041998,-0.3265128428385,-0.3025250528559398,-1.6688368174656998,1.7425352613622553
2024-11-01,1.5774345150350348,-0.6988425420397459,-1.9603110291201875,2.276277057074781,1.7700226140116393
2024-11-04,-0.36722430779357573,-0.7257532438970649,0.42205965109736177,0.3585289361034891,1.7635226607195453
2024-11-05,0.609515965028951,0.33229951262736535,-0.2153964695993271,0.27721645240158566,1.7742716128835345
2024-11-06,1.8234721255381485,0.1766394347538114,1.2091749881539604,1.6468326907843371,1.8066249611758018
2024-11-07,1.285811893001315,0.24245095878334677,2.4865614704352224,1.0433609342179682,1.8298547597885308
2024-11-08,0.6976348471387763,-0.24186455584872532,0.7732133188955048,0.9394994029875017,1.8426204642448434
2024-11-12,-1.2791192460452119,0.06612298875909861,0.09528745047560072,-1.3452422348043105,1.81905115125512
2024-11-13,-0.2774828746394813,-0.022026431718069617,-0.31064199345314236,-0.2554564429214117,1.8140035958294547
2024-11-14,0.8068106268828776,-0.837188808107503,0.04858435248786819,1.6439994349903806,1.8286391696126443
2024-11-15,-2.08678963303347,0.5554321261941775,-0.6430114368961348,-2.6422217592276476,1.7904793169955784
2024-11-18,1.5193657516337076,-0.2651347768448886,-1.280862897109636,1.7845005284785962,1.8176832465280945
2024-11-19,0.12318594984905884,0.0,0.40973111395645745,0.12318594984905884,1.8199223769005775
2024-11-20,-0.22258890177024337,-0.17722640673459858,0.3655530051857481,-0.045362495035644795,1.8158714316687634
2024-11-21,1.3587760174268606,0.3550821127385806,0.03388107741826296,1.00369390468828,1.8405450571895845
2024-11-22,0.8654219323757966,0.08845643520565272,0.5368331922099845,0.7769654971701438,1.8564735377897619
2024-11-25,0.8232779491316995,0.08837825894831841,0.3099364967069196,0.7348996901833811,1.8717574750578503
2024-11-26,-0.452176049980745,-0.35320088300220265,0.3392050511326295,-0.09897516697854236,1.8632938360419145
2024-11-27,-0.5419218028811637,-0.4209127159946813,0.5221495155054878,-0.12100908688648238,1.8531962404926625
2024-11-29,0.8471939270408657,0.11123470522802492,-0.3030050778323412,0.7359592218128408,1.868896406498266
2024-12-02,1.5216285519867325,-0.13333333333334085,0.6212113621561821,1.6549618853200734,1.897334067826598
2024-12-03,-0.25723525865980124,-0.24477080551846833,0.17923823749066425,-0.012464453141332904,1.8924534556295836
2024-12-04,1.218271137826371,-0.535355788534464,0.04638603117803619,1.753626926360835,1.9155086698763166
2024-12-05,-1.3733520061506572,0.0,0.6209534533291317,-1.3733520061506572,1.8892019931305806
2024-12-06,0.811790235422003,-0.22426553038797928,-0.16456571108843795,1.0360557658099823,1.9045383504382123
2024-12-09,0.6213546182276319,-1.1013710946279898,0.18956252266508766,1.7227257128556217,1.9163722874345765
2024-12-10,-0.40851807845421734,0.0,-0.5149635576907285,-0.40851807845421734,1.9085435601899199
2024-12-11,0.6376317439827814,-0.43181818181818876,-0.31090824899120406,1.0694499258009702,1.9207130397774301
2024-12-12,-1.2572333505635536,-0.34238758274367515,0.7730590577305962,-0.9148457678198785,1.8965651948727251
2024-12-13,0.01748030537020812,-0.7100320659642612,-0.5152602640503101,0.7275123713344693,1.896896720260334
2024-12-16,0.44003299495092646,-0.27681660899653293,-0.01985670080916213,0.7168496039474594,1.9052436917096214
2024-12-17,0.19588085146348266,0.23132084200785386,0.42700385627512105,-0.03543999054437119,1.9089756992753966
2024-12-18,-3.381097750070087,-0.20770828525271678,-0.41200415300186594,-3.17338946481737,1.8444313648578115
2024-12-19,-1.3960962916430608,0.4856614246068425,-2.9803571133065194,-1.8817577162499033,1.8186813269711302
2024-12-20,1.9309804210322463,-0.23014959723820502,-0.030702053626241455,2.1611300182704514,1.853799707315912
2024-12-23,0.8454569555475553,-0.046136101499416604,0.8616277085821354,0.8915930570469719,1.8694727858833349
2024-12-24,1.0908354455347142,-0.25386568197554027,0.5988327835574792,1.3447011275102545,1.8898656576763757
2024-12-26,-0.10812682663329687,0.04627487274408981,1.1115034723973682,-0.15440169937738668,1.8878222059130978
2024-12-27,-1.1961639896815108,0.25439407955596405,0.006652253450867285,-1.4505580692374749,1.8652407564967541
2024-12-30,-1.5267637593070305,-1.1303344867358844,-1.052649083713053,-0.396429272571146,1.8367629366027374
2024-12-31,-0.5497436306569874,0.0,-1.141157291474082,-0.5497436306569874,1.8266654493484957
2025-01-02,-0.04766433533818981,0.8866075594960333,-0.3638094590459274,-0.9342718948342231,1.8257947814032114
2025-01-03,1.521168902824037,0.0,-0.24570024570025328,1.521168902824037,1.8535682038473011
2025-01-06,1.409266599566057,-0.5087881591119392,1.2503420908593466,1.9180547586779961,1.8796899214442977
2025-01-07,-1.286254246860869,-0.1394700139469851,0.5760621674127719,-1.146784232913884,1.8555123300019045
2025-01-08,-0.1743622493808412,0.302607076350081,-1.1304084923407731,-0.4769693257309222,1.8522770169657743
2025-01-10,-1.685953494049512,-0.23180343069076906,0.14610196558109134,-1.454150063358743,1.8210484878787638
2025-01-13,-0.21775735894783962,0.4414498141263934,-1.526743456207913,-0.659207173074233,1.8170830207863995
2025-01-14,0.4860736480927983,-0.023132084200794267,0.15504143051559005,0.5092057322935926,1.8259153825144105
2025-01-15,2.634639348112596,-0.18509949097640366,0.13760126593165278,2.8197388390889997,1.8740216676453756
2025-01-16,-0.2207511506233528,-0.23180343069076906,1.818993799275126,0.011052280067416265,1.8698847432511174
2025-01-17,1.4651683636654973,-0.13940520446097393,-0.19231418064037384,1.6045735681264712,1.8972817029462408
2025-01-21,0.6930546474114524,0.0,1.0039889121763235,0.6930546474114524,1.9104309019629968
2025-01-22,0.4930998266212896,-0.02321801718133676,0.9153586130727033,0.5163178438026264,1.919851233428296
2025-01-23,0.3572752459193654,0.3019043195541027,0.5621424425835464,0.055370926365262696,1.926710386643813
2025-01-24,-0.032839242158651416,0.0,0.5458083239891831,-0.032839242158651416,1.9260776695542472
2025-01-27,-0.4988256423471968,-0.1620745542949664,-0.2919229192291928,-0.3367510880522304,1.9164699002469872
2025-01-28,0.8890966810329656,-0.37105751391465214,-1.4145434807638524,1.2601541949476176,1.933509170523079
2025-01-29,0.6508172966127986,-0.06983240223463749,0.859235530640512,0.7206496988474361,1.9460927826364378
2025-01-30,0.7071936819427421,0.0,-0.44828955204129217,0.7071936819427421,1.9598554278399865
2025-01-31,-0.06606859447159419,0.0,0.5367142453598372,-0.06606859447159419,1.9585605789051375
2025-02-03,-1.1788028485028743,-0.16305613789892034,-0.5321962184318241,-1.015746710603954,1.9354730110113494
2025-02-04,0.3786630226828631,0.23331777881476778,-0.6729586919677066,0.14534524386809533,1.9428019316180558
2025-02-05,1.4795580444462448,0.27932960893852776,0.6708265720929418,1.200228435507717,1.9715468138849677
2025-02-06,0.21652075627291278,0.25533890436397755,0.40546379075410144,-0.038818148091064764,1.975815621956666
2025-02-07,0.2047528569952877,0.0,0.34755552613285884,0.2047528569952877,1.9798611608915815
2025-02-10,0.8516586023248274,0.439916647372085,-0.9153582266789972,0.41174195495274235,1.9967228187824029
2025-02-11,-0.7051869358905054,-0.1152604887044717,0.6791284518201657,-0.5899264471860337,1.9826421903184048
2025-02-12,0.44153272495186213,-0.20770828525271678,0.07605191369759456,0.6492410102045789,1.991396204407363
2025-02-13,0.4467364095588895,0.11563367252542811,-0.3221489815135925,0.3311027370334614,2.0002924963110242
2025-02-14,0.039074489884601604,-0.11550011550011119,1.0557544417926223,0.1545746053847128,2.001074100400158
2025-02-18,2.3399209747892034,-0.046253469010171244,-0.0049202105850132405,2.3861744437993746,2.047897652996496
2025-02-19,-0.8298584216420352,0.0,0.2935870100049254,-0.8298584216420352,2.030903001856495
2025-02-20,-0.3721886564188041,0.04627487274408981,0.23549035961338838,-0.4184635291628939,2.023344211260716
2025-02-21,-2.413437058274192,-0.25439407955596405,-0.416034457442116,-2.159042978718228,1.974512072249704
2025-02-24,-0.5847202693346545,-0.13911430558773974,-1.7104099085815339,-0.44560596374691475,1.9629666999428002
2025-02-25,-1.300030506827496,-0.25539818899465994,-0.45504550455045534,-1.044632317832836,1.9374475340046788
2025-02-26,0.9382682214745323,-0.3026070763500921,-0.49731250313960196,1.2408752978246245,1.9556259885239868
2025-02-27,-2.4653146913662116,0.4903105300023248,0.05048465266557223,-2.9556252213685363,1.9074136537207291
2025-02-28,1.385587803128785,0.0,-1.5961920139940133,1.385587803128785,1.9338425446618968
2025-03-03,-2.3885347241930126,-0.046468401487009814,1.5605503803093779,-2.342066322706003,1.8876520439714295
2025-03-04,-0.7319968416359347,-0.1394700139469851,-1.7519943451479336,-0.5925268276889496,1.8738344906284823
2025-03-05,1.8107205775698216,-0.046554934823106464,-1.1836853555338478,1.857275512392928,1.9077643973398928
2025-03-06,-3.9885536807647695,0.3493246390312122,1.0747841764032762,-4.337878319795982,1.8316721902494726
2025-03-07,0.4625603111549985,-0.11603620329542208,-1.7751174836208805,0.5785965144504206,1.84014477883203
2025-03-10,-4.92750896606054,-0.046468401487009814,0.5604930942361586,-4.88104056457353,1.749471479866587
2025-03-11,0.08060239893817567,-0.3719200371920084,-2.6635643839421963,0.45252243613018406,1.7508815958480985
2025-03-12,1.5581175620724474,0.04666355576297132,-0.831281886617441,1.5114540063094761,1.778162389484102
2025-03-13,-2.813143562466757,0.3731343283582156,0.5306518923586134,-3.1862778908249725,1.728140128694125
2025-03-14,2.640792557074912,-0.13940520446097393,-1.3330470413513096,2.7801977615358857,1.7737767245885043
2025-03-17,1.560425179975959,-0.023266635644492162,2.065576148852055,1.5836918156204511,1.8014551832355363
2025-03-18,-2.064534471262215,-0.13963230160575213,0.7711305769265041,-1.924902169656463,1.7642635199932988
2025-03-19,1.6145711842190438,-0.046609182008872097,-1.0808428105439472,1.6611803662279159,1.7927488104007991
2025-03-20,-0.7210610671885496,0.23315458148753798,1.0890877330576476,-0.9542156486760875,1.7798219966965132
2025-03-21,0.041537355627454996,-0.11630611770181432,-0.2891753213548953,0.15784347332926932,1.7805612876888168
2025-03-24,2.266926244001165,-0.04657661853748607,-0.2670250579143718,2.313502862538651,1.8209252988099596
2025-03-25,0.7715954780493157,0.0,1.7908436469378453,0.7715954780493157,1.8349754760742334
2025-03-26,-1.678990863339407,-0.09319664492076773,0.24038461538462563,-1.5857942184186393,1.8041664054864284
2025-03-27,-0.6766029823259769,0.13992537313431974,-1.1938275466583215,-0.8165283554602967,1.7919593617807839
2025-03-28,-2.581419182387363,0.09315323707499434,-0.26556921507588926,-2.6745724194623572,1.7457013790751885
2025-03-31,-0.2750517082043733,-0.13959981386691966,-2.0138252098469533,-0.13545189433745364,1.740899797611895
