symbol,timestamp,open,high,low,close,volume,trade_count,vwap,rank,RET,RET_mean,RET_std,RET_skew,RET_kurt,RET_rf,RET_SPY,date
AAL,2025-03-31 04:00:00+00:00,10.41,10.68,10.06,10.55,66955084.0,118832.0,10.418494,56.0,-1.4018691588784882,-1.2443794821022307,3.5749749608043606,0.020391639986818096,-0.39649875961215486,-0.13959981386691966,-2.0138252098469533,2025-03-31
AAOI,2025-03-31 04:00:00+00:00,15.49,15.8849,15.11,15.35,2859526.0,30903.0,15.404723,300.0,-6.288156288156288,0.9264857038574064,13.040467978600113,2.015677161282469,4.870878896537867,-0.13959981386691966,-2.0138252098469533,2025-03-31
AAPL,2025-03-31 04:00:00+00:00,217.005,225.62,216.23,222.13,65298894.0,646558.0,220.644612,6.0,1.941257457549339,-0.5950716927582174,2.114889078332692,-0.585062513864598,-0.7346557881039174,-0.13959981386691966,-2.0138252098469533,2025-03-31
ACAD,2025-03-31 04:00:00+00:00,16.71,16.88,16.28,16.61,1688599.0,19892.0,16.620394,478.0,-1.0720667063728428,-0.7925670970853206,2.5894777846463506,-0.6535061143326656,2.597730217524942,-0.13959981386691966,-2.0138252098469533,2025-03-31
ACGL,2025-03-31 04:00:00+00:00,95.06,96.815,95.0,96.18,1757108.0,26611.0,96.05862,362.0,1.178203240058906,0.3026608352045214,1.5556122187297865,0.1529677497905096,-1.0189101299927092,-0.13959981386691966,-2.0138252098469533,2025-03-31
ACHC,2025-03-31 04:00:00+00:00,29.91,31.04,29.7,30.32,2842512.0,33395.0,30.399264,272.0,0.6640106241699861,0.06469728615522051,1.9658053235039878,-0.07544989323360768,-0.7307696229036174,-0.13959981386691966,-2.0138252098469533,2025-03-31
ACWI,2025-03-31 04:00:00+00:00,114.98,116.65,114.26,116.39,2622704.0,20096.0,115.683906,470.0,0.12904335856849247,-0.12958100304554693,1.373460510955873,0.012559335047920249,-0.7107050913978966,-0.13959981386691966,-2.0138252098469533,2025-03-31
ADBE,2025-03-31 04:00:00+00:00,380.0,384.8,374.67,383.53,3960737.0,87499.0,381.425916,83.0,-0.5651914650903533,-0.9296032381617184,4.099472366700125,-2.3224393662919027,7.513123090517858,-0.13959981386691966,-2.0138252098469533,2025-03-31
ADI,2025-03-31 04:00:00+00:00,200.23,202.52,196.8,201.67,3803746.0,59686.0,200.808272,132.0,0.054574320301647994,-0.7330955646889196,2.2122295658260014,0.44335319054729755,0.0932936217860451,-0.13959981386691966,-2.0138252098469533,2025-03-31
ADP,2025-03-31 04:00:00+00:00,301.25,306.325,300.9,305.53,2492561.0,43718.0,304.379907,195.0,1.5623441810989513,-0.11474906302278012,1.3487070138265351,-1.0464836700378513,1.303990988914946,-0.13959981386691966,-2.0138252098469533,2025-03-31
ADSK,2025-03-31 04:00:00+00:00,259.02,262.17,255.18,261.8,1845016.0,38324.0,260.774427,222.0,0.06497725795973075,0.06890641824321943,2.1064148125052147,-0.45946369356135947,0.18667282057942186,-0.13959981386691966,-2.0138252098469533,2025-03-31
AEP,2025-03-31 04:00:00+00:00,108.37,109.76,107.841,109.27,6560140.0,81419.0,109.152018,86.0,2.159685863874339,0.15746922979378886,1.4550554192601974,-0.31514481332386574,-0.5396624794523698,-0.13959981386691966,-2.0138252098469533,2025-03-31
AGNC,2025-03-31 04:00:00+00:00,9.34,9.61,9.28,9.58,29356516.0,62457.0,9.522348,121.0,0.6302521008403339,-0.5674219425000384,1.2651374918195446,0.3694060888715899,-0.4358270011743224,-0.13959981386691966,-2.0138252098469533,2025-03-31
AKAM,2025-03-31 04:00:00+00:00,79.39,80.97,78.36,80.5,1691462.0,28338.0,80.0609,335.0,0.562148657089323,-0.5743659777584021,1.9925621770828057,0.0053039494247143285,-0.0062415412471061235,-0.13959981386691966,-2.0138252098469533,2025-03-31
ALGN,2025-03-31 04:00:00+00:00,157.1,159.8765,153.77,158.86,1387356.0,30465.0,157.980374,303.0,-0.21983543747251533,-0.552466396457525,2.453041810261783,-0.5124514790541606,0.23744611279327862,-0.13959981386691966,-2.0138252098469533,2025-03-31
ALKS,2025-03-31 04:00:00+00:00,32.71,33.18,32.05,33.02,1824686.0,22901.0,32.870932,410.0,-1.5210259469132015,-0.09504931721689275,2.0308935442046203,0.23475264343444552,-0.732761528287048,-0.13959981386691966,-2.0138252098469533,2025-03-31
ALNY,2025-03-31 04:00:00+00:00,263.37,271.85,258.0,270.02,1068431.0,22556.0,267.21467,418.0,0.5810921552559023,-0.1104087783230152,4.259534813635395,1.6792926953264504,3.3176454873059575,-0.13959981386691966,-2.0138252098469533,2025-03-31
AMAT,2025-03-31 04:00:00+00:00,142.772,145.68,141.16,145.12,7116271.0,107594.0,144.240258,62.0,0.041362194953808995,-0.4532138413379715,1.8942695100937261,0.6235608940431413,0.48586940822785135,-0.13959981386691966,-2.0138252098469533,2025-03-31
AMD,2025-03-31 04:00:00+00:00,100.235,102.82,98.8,102.74,30865242.0,314092.0,101.478613,18.0,-0.465026157721371,0.24151345102721863,3.3116238724685543,0.4250037750299277,-0.6541563566013873,-0.13959981386691966,-2.0138252098469533,2025-03-31
AMGN,2025-03-31 04:00:00+00:00,307.585,315.0,305.5514,311.55,3336161.0,62128.0,311.429871,122.0,1.4986154096758408,-0.371269536723513,1.1356137813907345,-0.9629134189131265,-0.0850545144120251,-0.13959981386691966,-2.0138252098469533,2025-03-31
AMKR,2025-03-31 04:00:00+00:00,18.0,18.16,17.605,18.06,2144968.0,25470.0,17.958685,374.0,-1.3114754098360715,-0.8058935624840912,2.3019708620956267,-0.3331630253924875,0.23517083667434527,-0.13959981386691966,-2.0138252098469533,2025-03-31
AMRX,2025-03-31 04:00:00+00:00,8.17,8.575,8.16,8.38,2643566.0,21271.0,8.396837,442.0,-6.992230854605985,0.4860680402899054,4.298301423398348,-1.3749913940858753,1.6286547956088617,-0.13959981386691966,-2.0138252098469533,2025-03-31
AMZN,2025-03-31 04:00:00+00:00,188.19,191.33,184.4,190.26,63547186.0,769856.0,188.178782,5.0,-1.2764632627646377,-0.2011718613715718,2.102372953183239,-0.20606386442193242,-0.37889589840550175,-0.13959981386691966,-2.0138252098469533,2025-03-31
APA,2025-03-31 04:00:00+00:00,20.69,21.12,20.575,21.02,5482431.0,50702.0,20.980447,156.0,0.47801147227533036,0.7136100321574891,1.6702496446798858,-0.6499820297370656,0.7033547089476093,-0.13959981386691966,-2.0138252098469533,2025-03-31
ARCC,2025-03-31 04:00:00+00:00,22.08,22.24,21.62,22.16,5406401.0,33259.0,22.019528,273.0,0.22614201718680338,-0.25782025418369714,1.2909448718179148,-0.35356660916462157,-0.4175206657585569,-0.13959981386691966,-2.0138252098469533,2025-03-31
ARWR,2025-03-31 04:00:00+00:00,13.4,13.435,12.14,12.74,2848519.0,34846.0,12.722225,258.0,-7.6811594202898625,-2.0578827391611387,4.2831443997916745,-0.6398159581835983,0.4820110410106093,-0.13959981386691966,-2.0138252098469533,2025-03-31
ASML,2025-03-31 04:00:00+00:00,660.26,665.16,652.88,662.63,1684953.0,78045.0,659.533919,92.0,-1.7714726200006026,-0.515362789521965,2.5000092354974983,-0.9541105525074374,1.229587202051136,-0.13959981386691966,-2.0138252098469533,2025-03-31
AVGO,2025-03-31 04:00:00+00:00,164.485,167.94,160.62,167.43,35656449.0,397264.0,165.015654,14.0,-0.9992904446546769,-0.9057987624513751,2.8281015969653107,0.09313016835146086,-0.9819829023571003,-0.13959981386691966,-2.0138252098469533,2025-03-31
AVT,2025-03-31 04:00:00+00:00,46.84,48.29,46.475,48.09,1237110.0,25757.0,47.864903,372.0,-1.9971469329529201,-0.47412386653379796,3.1761855119034017,0.46327487486611524,-0.3082413197977959,-0.13959981386691966,-2.0138252098469533,2025-03-31
AXON,2025-03-31 04:00:00+00:00,522.67,528.83,507.03,525.95,779458.0,27296.0,521.628119,353.0,-1.6824002243200242,0.1539977965433785,3.1746346351840855,0.5410206472091096,-0.8510039214246322,-0.13959981386691966,-2.0138252098469533,2025-03-31
AZN,2025-03-31 04:00:00+00:00,72.6,73.68,72.18,73.5,3891708.0,52372.0,72.980675,150.0,-0.3930071825450687,-0.3181108813712997,1.3389498810298746,0.11632390863714658,-1.162518078929134,-0.13959981386691966,-2.0138252098469533,2025-03-31
BECN,2025-03-31 04:00:00+00:00,123.85,123.88,123.64,123.7,6372514.0,23999.0,123.748998,393.0,-0.09691487643352925,0.3765156153809677,1.348462242813449,1.0431731246644511,3.315634666991059,-0.13959981386691966,-2.0138252098469533,2025-03-31
BGC,2025-03-31 04:00:00+00:00,9.005,9.2,8.855,9.17,2620202.0,21837.0,9.069293,431.0,-3.4736842105263177,-0.06710048028515608,3.4877103155316678,-0.9247680250128628,0.8243139630700383,-0.13959981386691966,-2.0138252098469533,2025-03-31
BIDU,2025-03-31 04:00:00+00:00,91.42,92.17,90.07,92.03,3566039.0,50579.0,91.407606,157.0,-1.435150476598479,-0.046247582555748915,3.4634128353040556,0.9686976019907468,2.3747078433913975,-0.13959981386691966,-2.0138252098469533,2025-03-31
BIIB,2025-03-31 04:00:00+00:00,137.9,138.0,134.71,136.84,1865406.0,37378.0,136.544905,228.0,-1.1057310110573093,-0.5376805059393229,1.8257710522110762,-0.1767936322300041,1.443472285309574,-0.13959981386691966,-2.0138252098469533,2025-03-31
BILI,2025-03-31 04:00:00+00:00,18.95,19.24,18.79,19.11,3232140.0,33414.0,19.051034,271.0,-0.572320499479706,-1.4195574886322742,4.031389173803349,-0.26241848941046014,-0.4119450233363769,-0.13959981386691966,-2.0138252098469533,2025-03-31
BKNG,2025-03-31 04:00:00+00:00,4522.81,4626.04,4440.86,4606.91,359397.0,28375.0,4562.671549,333.0,-0.589740712608755,-0.029618815899056107,2.3747072541643113,-0.2701256553951309,-0.4480684350731708,-0.13959981386691966,-2.0138252098469533,2025-03-31
BKR,2025-03-31 04:00:00+00:00,42.74,44.04,42.535,43.95,9272159.0,78663.0,43.753126,91.0,2.0194986072423537,0.047978651896437054,1.9858591958109229,-0.5019085125212811,-0.5886027651965053,-0.13959981386691966,-2.0138252098469533,2025-03-31
BLMN,2025-03-31 04:00:00+00:00,7.24,7.385,7.155,7.17,3715582.0,29253.0,7.242215,324.0,-3.238866396761142,-0.9773595892738813,5.725246203361192,0.020339930141575542,-0.8507320343123647,-0.13959981386691966,-2.0138252098469533,2025-03-31
BLUE,2025-03-31 04:00:00+00:00,4.425,5.42,4.41,4.88,3648088.0,22293.0,5.084509,422.0,19.6078431372549,-4.081728919278175,19.754718178669975,-1.3720238830569347,2.822672487493021,-0.13959981386691966,-2.0138252098469533,2025-03-31
BMRN,2025-03-31 04:00:00+00:00,70.61,71.28,69.05,70.69,1649043.0,26440.0,70.508737,365.0,-1.0498320268756967,0.03065593446498453,1.4033912346753865,0.4614106340716676,0.24510262541537614,-0.13959981386691966,-2.0138252098469533,2025-03-31
BND,2025-03-31 04:00:00+00:00,73.5,73.56,73.27,73.45,7106111.0,36247.0,73.407161,243.0,0.17730496453902678,0.029583929564221585,0.30002473174718153,0.20479985858009497,-0.7151062666113768,-0.13959981386691966,-2.0138252098469533,2025-03-31
BRKR,2025-03-31 04:00:00+00:00,41.515,42.12,40.6,41.74,1665408.0,21139.0,41.517318,445.0,-0.8079847908745164,-0.9095804598865829,2.0714750998079694,-0.32479015896153157,-0.6420472869254811,-0.13959981386691966,-2.0138252098469533,2025-03-31
CAKE,2025-03-31 04:00:00+00:00,48.73,49.185,47.8,48.66,1074485.0,19796.0,48.572568,482.0,-2.0531400966183666,0.24102398434881897,2.989147017958221,-0.46470050301439897,0.17525608490242187,-0.13959981386691966,-2.0138252098469533,2025-03-31
CAR,2025-03-31 04:00:00+00:00,73.285,77.96,71.57,75.9,3503125.0,29547.0,75.819277,315.0,1.6608625770158092,-1.1893633755515696,10.300357491364375,0.037639791419236845,0.7901186967429962,-0.13959981386691966,-2.0138252098469533,2025-03-31
CBRL,2025-03-31 04:00:00+00:00,39.5,40.7,38.79,38.82,1111226.0,19612.0,39.359751,493.0,-2.5602409638554313,-2.1303741222723263,7.278434251260863,-0.6094565092014165,0.8143647884730766,-0.13959981386691966,-2.0138252098469533,2025-03-31
CCEP,2025-03-31 04:00:00+00:00,86.5,87.4,86.41,87.03,3024313.0,32461.0,87.072786,284.0,0.845886442641941,0.3162706887076867,1.2711706106180363,0.31880759036156786,-0.13048103811143635,-0.13959981386691966,-2.0138252098469533,2025-03-31
CDNS,2025-03-31 04:00:00+00:00,253.09,254.97,248.52,254.33,2259511.0,46393.0,252.611361,181.0,-0.9193969379406974,0.3779655000657003,1.9424799742751502,-0.7321963262954323,-0.026271194119927416,-0.13959981386691966,-2.0138252098469533,2025-03-31
CDW,2025-03-31 04:00:00+00:00,161.43,161.69,158.76,160.26,1245073.0,25979.0,160.316046,370.0,-0.7739458857036752,-0.26225149503340717,1.7746623253640261,0.40937217433654,-1.1031975347718632,-0.13959981386691966,-2.0138252098469533,2025-03-31
CENX,2025-03-31 04:00:00+00:00,17.96,18.7086,17.2668,18.56,1585515.0,22414.0,18.244879,421.0,0.0,0.2289347712768431,5.032156233466166,-0.5702155410356926,0.734478207690916,-0.13959981386691966,-2.0138252098469533,2025-03-31
CGNX,2025-03-31 04:00:00+00:00,29.73,29.96,29.39,29.83,4407576.0,29233.0,29.747677,325.0,-2.960312296681844,-0.2553123152425043,2.565573142532726,0.0009529152294279218,-0.925478621359226,-0.13959981386691966,-2.0138252098469533,2025-03-31
CHRW,2025-03-31 04:00:00+00:00,100.83,102.85,100.625,102.4,1662646.0,27319.0,102.095363,352.0,1.2558093542964555,-0.07499796375461219,1.5623494779781952,-0.14993975667520382,0.62823666614569,-0.13959981386691966,-2.0138252098469533,2025-03-31
CHTR,2025-03-31 04:00:00+00:00,368.76,370.29,361.43,368.53,2349950.0,41591.0,367.194949,204.0,-0.13278413094141017,-0.16523955944485408,2.1426316282252666,-0.5979910113216608,-0.010901665025234783,-0.13959981386691966,-2.0138252098469533,2025-03-31
CMCSA,2025-03-31 04:00:00+00:00,36.83,37.035,36.35,36.9,27806324.0,135202.0,36.739188,42.0,0.7646095030038325,-0.16210373902297223,1.596959376824183,-0.9993554116388275,0.753246143360972,-0.13959981386691966,-2.0138252098469533,2025-03-31
CME,2025-03-31 04:00:00+00:00,262.71,265.7827,261.74,265.29,2414834.0,41134.0,264.427605,207.0,1.1707726336663837,0.20406708432902446,1.1840868486096707,1.0166761611599742,1.0141008136895941,-0.13959981386691966,-2.0138252098469533,2025-03-31
COMM,2025-03-31 04:00:00+00:00,5.2,5.36,5.05,5.31,8626626.0,23024.0,5.280607,408.0,-1.1173184357541999,-0.12263449771224708,5.023662229964111,-0.7347791668576326,0.8978614265210081,-0.13959981386691966,-2.0138252098469533,2025-03-31
COO,2025-03-31 04:00:00+00:00,83.59,84.945,83.1,84.35,1776507.0,23549.0,84.189381,397.0,0.6923719708726184,-0.06858216939425169,2.461418187490474,-0.5616859073967491,1.679150574897281,-0.13959981386691966,-2.0138252098469533,2025-03-31
COOP,2025-03-31 04:00:00+00:00,125.18,125.855,118.0,119.6,6439437.0,92958.0,120.967043,77.0,11.121434544272034,3.5761320470875044,7.312012595443195,0.6362049776266799,0.5599729977504324,-0.13959981386691966,-2.0138252098469533,2025-03-31
CORT,2025-03-31 04:00:00+00:00,94.93,117.33,87.5821,114.22,14339251.0,242435.0,103.835508,23.0,94.71530855779066,-0.3081883003765935,2.917650338655593,-0.050706366358939554,0.14291360443848242,-0.13959981386691966,-2.0138252098469533,2025-03-31
COST,2025-03-31 04:00:00+00:00,922.36,995.0,922.0432,945.78,3101962.0,100712.0,941.021443,67.0,1.7339672568465803,-0.2294536761637594,1.735168205452242,-0.8559840608006692,0.04195200643618973,-0.13959981386691966,-2.0138252098469533,2025-03-31
CPB,2025-03-31 04:00:00+00:00,40.02,40.59,39.86,39.92,4984130.0,56235.0,40.147873,143.0,0.503524672708977,-0.3249438930954875,1.8554213289897807,-1.2477975768081444,2.1290239204770613,-0.13959981386691966,-2.0138252098469533,2025-03-31
CPRT,2025-03-31 04:00:00+00:00,55.0,56.99,54.72,56.59,7550640.0,74640.0,56.34606,102.0,2.6110607434270294,0.18140505131094986,1.3598720777883238,0.30162801730612265,-0.8676363399687043,-0.13959981386691966,-2.0138252098469533,2025-03-31
CROX,2025-03-31 04:00:00+00:00,103.46,106.58,102.14,106.2,1728234.0,31817.0,105.362995,290.0,0.19813189923578722,0.44280631284860217,3.0716812872473755,0.4667675062519079,-0.740948482635535,-0.13959981386691966,-2.0138252098469533,2025-03-31
CRSP,2025-03-31 04:00:00+00:00,35.75,35.75,32.96,34.03,3970934.0,61163.0,34.018529,124.0,-8.00216274668829,-1.000678219320498,3.1214691955834306,0.6894327247779662,-0.8022096592590497,-0.13959981386691966,-2.0138252098469533,2025-03-31
CSCO,2025-03-31 04:00:00+00:00,60.63,61.895,60.24,61.71,29335719.0,169387.0,61.429382,30.0,1.3966480446927498,-0.3204638859370729,1.315474190498898,-0.3080977305283939,-0.430158514880552,-0.13959981386691966,-2.0138252098469533,2025-03-31
CSIQ,2025-03-31 04:00:00+00:00,9.02,9.08,8.52,8.65,2733786.0,24177.0,8.704787,391.0,-6.283856988082337,-0.8793814378394387,6.373740083493822,0.7465192047609792,0.4272546490654317,-0.13959981386691966,-2.0138252098469533,2025-03-31
CSX,2025-03-31 04:00:00+00:00,29.11,29.655,29.01,29.43,23507120.0,82587.0,29.389626,85.0,1.099278598419784,-0.4605771796456902,1.6875284973086744,0.06552228294617218,0.3704361507506385,-0.13959981386691966,-2.0138252098469533,2025-03-31
CTAS,2025-03-31 04:00:00+00:00,203.85,206.74,202.55,205.53,2595683.0,43913.0,205.308091,194.0,1.1366991437850693,0.025209598334695885,2.087334881075823,1.5751699349545536,3.197229464065579,-0.13959981386691966,-2.0138252098469533,2025-03-31
CTSH,2025-03-31 04:00:00+00:00,75.25,76.72,75.24,76.5,3590423.0,40370.0,76.252619,210.0,0.7905138339920903,-0.5997593306810954,1.6596231639719299,-0.2391746051570966,-0.8223599615115004,-0.13959981386691966,-2.0138252098469533,2025-03-31
CYBR,2025-03-31 04:00:00+00:00,320.48,338.29,318.835,338.0,755665.0,21841.0,332.75058,430.0,4.92332526230832,-1.5329404511674953,3.5165956093413815,0.4252433437771645,0.06610068306997181,-0.13959981386691966,-2.0138252098469533,2025-03-31
CZR,2025-03-31 04:00:00+00:00,25.18,25.25,24.01,25.0,9557093.0,66785.0,24.818596,113.0,-2.610050642773676,-0.6399999793570613,3.291896641409656,0.8317386795846258,-0.2726150628196608,-0.13959981386691966,-2.0138252098469533,2025-03-31
DBX,2025-03-31 04:00:00+00:00,26.25,26.76,25.88,26.71,4059704.0,42160.0,26.505164,201.0,0.5647590361445909,0.054789317465022455,2.052052127026004,0.42307977345634284,-0.06990526087607936,-0.13959981386691966,-2.0138252098469533,2025-03-31
DLTR,2025-03-31 04:00:00+00:00,72.525,75.5,71.23,75.07,7821527.0,93218.0,74.406723,76.0,3.1890034364260966,0.45393421686338176,4.67332791508011,0.7953048984746455,0.43612977753715526,-0.13959981386691966,-2.0138252098469533,2025-03-31
DOCU,2025-03-31 04:00:00+00:00,81.13,81.825,80.12,81.4,2661918.0,39866.0,81.350513,214.0,-2.139937484972354,0.3748672100371659,4.761945568557722,1.9484432537717389,6.162138035946277,-0.13959981386691966,-2.0138252098469533,2025-03-31
DOX,2025-03-31 04:00:00+00:00,90.46,91.71,90.12,91.5,935782.0,20784.0,91.101412,455.0,3.659227370567586,0.2651300016154026,1.915210857312122,-0.03677987349656264,-1.1371916991422906,-0.13959981386691966,-2.0138252098469533,2025-03-31
DPZ,2025-03-31 04:00:00+00:00,444.36,461.405,438.825,459.45,763434.0,23489.0,456.62602,398.0,2.7576489533011284,-0.3177438223117038,3.0284358899986943,-0.4415508070470106,0.9905391491780358,-0.13959981386691966,-2.0138252098469533,2025-03-31
DVAX,2025-03-31 04:00:00+00:00,13.43,13.455,12.92,12.97,2980147.0,22485.0,13.01247,420.0,-5.190058479532156,0.37897601334013525,2.468160648347003,0.3627880724461358,0.39989362246757165,-0.13959981386691966,-2.0138252098469533,2025-03-31
DXCM,2025-03-31 04:00:00+00:00,67.22,68.75,66.25,68.29,5617369.0,49911.0,67.923048,160.0,0.8119279598464813,-0.8702000721954626,3.295008594118306,-0.8594931635813583,1.5939480270318398,-0.13959981386691966,-2.0138252098469533,2025-03-31
EA,2025-03-31 04:00:00+00:00,144.12,144.68,143.03,144.52,4213627.0,57159.0,144.218526,140.0,0.18717504332756985,0.20364782714844087,1.136000284135469,0.6092705022397605,1.9821767887366326,-0.13959981386691966,-2.0138252098469533,2025-03-31
EBAY,2025-03-31 04:00:00+00:00,67.02,68.11,66.24,67.73,5533694.0,71671.0,67.333297,107.0,0.848719475878501,-0.29977362137967634,2.271966123333951,-0.1287123292291303,-0.6373554814948921,-0.13959981386691966,-2.0138252098469533,2025-03-31
EMB,2025-03-31 04:00:00+00:00,90.23,90.62,90.23,90.59,6536488.0,21724.0,90.422767,433.0,0.2212634140944747,-0.04378287089119439,0.25934511943333294,0.3386722651688146,1.5341641645875603,-0.13959981386691966,-2.0138252098469533,2025-03-31
ENPH,2025-03-31 04:00:00+00:00,61.1,62.14,59.055,62.05,3116951.0,47084.0,61.214627,174.0,0.6488240064882467,0.058813737833123624,3.5271044243603424,1.2778091188662621,3.2843213628272885,-0.13959981386691966,-2.0138252098469533,2025-03-31
ENTG,2025-03-31 04:00:00+00:00,87.25,88.05,84.745,87.48,2899788.0,35969.0,86.824367,248.0,-1.4198782961460377,-0.9482500081470465,2.760004948549725,0.19111958451394792,-0.8092770632938872,-0.13959981386691966,-2.0138252098469533,2025-03-31
EQIX,2025-03-31 04:00:00+00:00,807.0,819.895,795.12,815.35,1083796.0,24319.0,813.053725,388.0,1.5379825653798251,-0.43515706821188804,1.9218072868994427,0.1847890830289345,-1.3198489551932413,-0.13959981386691966,-2.0138252098469533,2025-03-31
ERIC,2025-03-31 04:00:00+00:00,7.68,7.77,7.6401,7.76,18042286.0,23094.0,7.700118,406.0,-0.25706940874036244,-0.6957902435110813,1.8534316775697133,0.5637376625972413,1.4899303670309463,-0.13959981386691966,-2.0138252098469533,2025-03-31
ETSY,2025-03-31 04:00:00+00:00,46.07,47.8,45.79,47.18,3098976.0,46710.0,47.192879,178.0,1.0494752623688264,0.016794511514455716,2.6365488776473334,-0.06124011125183359,-0.7840485973952644,-0.13959981386691966,-2.0138252098469533,2025-03-31
EVRG,2025-03-31 04:00:00+00:00,68.26,69.21,68.17,68.95,2530221.0,33725.0,68.71768,270.0,1.591277442168848,0.21148199339003104,1.010387834042138,-0.6835276198858019,0.07657023232468127,-0.13959981386691966,-2.0138252098469533,2025-03-31
EXAS,2025-03-31 04:00:00+00:00,43.03,43.845,42.51,43.29,1373138.0,20269.0,43.248454,468.0,-0.8474576271186418,-0.4490835392380458,3.2390561721788655,-0.41215441859171636,-0.35956004902026106,-0.13959981386691966,-2.0138252098469533,2025-03-31
EXC,2025-03-31 04:00:00+00:00,45.325,46.22,45.325,46.08,14993375.0,104202.0,45.914772,63.0,3.0641914560501027,0.2530211300043042,1.4494764743046853,0.045173908871819365,-0.6121077675293765,-0.13959981386691966,-2.0138252098469533,2025-03-31
EXE,2025-03-31 04:00:00+00:00,110.94,112.23,109.9,111.32,3077159.0,44262.0,111.452533,191.0,0.3425274923382071,0.9734958035687716,1.1993828430277143,-0.21192541315178545,1.2870975600737113,-0.13959981386691966,-2.0138252098469533,2025-03-31
EXEL,2025-03-31 04:00:00+00:00,36.23,37.12,35.572,36.92,3119189.0,34233.0,36.652412,262.0,0.5994550408719324,-0.31505039756989944,1.9136679910808043,-1.5018957479603747,3.707911250990793,-0.13959981386691966,-2.0138252098469533,2025-03-31
EXPE,2025-03-31 04:00:00+00:00,165.43,168.44,160.76,168.1,2405314.0,37021.0,166.476734,233.0,0.0,-0.5677976291040225,3.076417273237676,-0.38940480496802365,0.27922573240920057,-0.13959981386691966,-2.0138252098469533,2025-03-31
EXTR,2025-03-31 04:00:00+00:00,13.6,13.685,12.24,13.23,4261094.0,30912.0,12.883769,299.0,-9.134615384615385,-0.1506644474694152,7.314996561512959,0.6955722030907198,0.28703380299918624,-0.13959981386691966,-2.0138252098469533,2025-03-31
FANG,2025-03-31 04:00:00+00:00,157.63,161.6,156.8,159.88,2068966.0,36360.0,160.15805,242.0,1.4853370572553093,0.7939778973155805,1.4104657585487204,-0.33871744066216436,-0.17723674125328706,-0.13959981386691966,-2.0138252098469533,2025-03-31
FAST,2025-03-31 04:00:00+00:00,76.06,77.82,75.852,77.55,4356033.0,48376.0,77.30905,167.0,1.8117369042930154,-0.31071652602002314,1.7387838232966155,0.06527267396037936,-0.38432551142396637,-0.13959981386691966,-2.0138252098469533,2025-03-31
FITB,2025-03-31 04:00:00+00:00,38.16,39.33,37.98,39.2,4496002.0,47518.0,38.964576,173.0,1.0048956454522084,-0.1974975880236955,1.705963285973513,-0.028798041248427168,-0.756857392991516,-0.13959981386691966,-2.0138252098469533,2025-03-31
FIVE,2025-03-31 04:00:00+00:00,71.65,75.3577,70.41,74.925,2111357.0,32262.0,73.775862,286.0,2.356557377049162,-0.7107606885061577,3.11945741895708,-0.7782051145870583,0.36317040536907214,-0.13959981386691966,-2.0138252098469533,2025-03-31
FIVN,2025-03-31 04:00:00+00:00,27.01,27.455,26.48,27.15,1799133.0,20862.0,27.088644,452.0,-2.1621621621621623,-1.3681609039702949,3.8148691578241904,-0.06234654254508194,-0.6323974268734914,-0.13959981386691966,-2.0138252098469533,2025-03-31
FLEX,2025-03-31 04:00:00+00:00,32.35,33.165,32.07,33.08,3058981.0,35558.0,32.855062,254.0,-0.3013863773357439,-0.2613806696593673,2.7964023302176284,-0.31271697470309806,-1.3462789306612701,-0.13959981386691966,-2.0138252098469533,2025-03-31
FOLD,2025-03-31 04:00:00+00:00,8.31,8.31,7.97,8.16,4766085.0,30099.0,8.142771,311.0,-3.2028469750889577,-1.0084565747121028,2.2509572573230363,-0.3548871569664988,-0.4930700221720788,-0.13959981386691966,-2.0138252098469533,2025-03-31
FOX,2025-03-31 04:00:00+00:00,50.52,52.89,50.36,52.71,5082346.0,35356.0,52.419146,256.0,3.029710711493361,1.112257124749569,3.700573342226756,-1.353117703881587,4.281450790843159,-0.13959981386691966,-2.0138252098469533,2025-03-31
FOXA,2025-03-31 04:00:00+00:00,54.93,56.87,54.58,56.6,10298524.0,70761.0,56.311927,108.0,3.4167732505024695,-0.10090789145363438,1.639145984994199,-0.02170674236613097,0.01156559756672547,-0.13959981386691966,-2.0138252098469533,2025-03-31
FSLR,2025-03-31 04:00:00+00:00,125.325,127.1,120.6,126.43,3186775.0,52573.0,124.770052,149.0,-0.6990260760288969,-0.5579793196493649,2.5984038907959803,0.12278628622535678,-0.5807791840405963,-0.13959981386691966,-2.0138252098469533,2025-03-31
FTNT,2025-03-31 04:00:00+00:00,94.46,96.97,93.26,96.26,6285879.0,77247.0,95.791124,94.0,-0.3519668737059889,-0.28711350250066764,2.422478343044486,-0.803070251719028,0.044263340414904664,-0.13959981386691966,-2.0138252098469533,2025-03-31
GDS,2025-03-31 04:00:00+00:00,24.72,25.585,23.91,25.33,3514176.0,32300.0,24.933461,285.0,0.39635354736424766,-2.2653510079301102,5.4031036618814285,-0.3551144129980712,0.19917468622441356,-0.13959981386691966,-2.0138252098469533,2025-03-31
GEN,2025-03-31 04:00:00+00:00,26.29,26.615,25.93,26.54,4619533.0,45979.0,26.434615,183.0,0.4161937192584064,-0.41888635866532903,1.7753585314733291,0.607353420529763,0.04005760750252435,-0.13959981386691966,-2.0138252098469533,2025-03-31
GERN,2025-03-31 04:00:00+00:00,1.6,1.63,1.53,1.59,20636148.0,21308.0,1.56458,440.0,-3.6363636363636265,-0.3356750441139051,4.519904887666503,0.8982874716966668,1.1081491158182222,-0.13959981386691966,-2.0138252098469533,2025-03-31
GH,2025-03-31 04:00:00+00:00,41.8,43.26,40.88,42.6,1669671.0,19866.0,42.503152,479.0,-1.2517385257301838,0.8007097426591369,6.398516590508928,1.504600705590575,4.160681369217882,-0.13959981386691966,-2.0138252098469533,2025-03-31
GILD,2025-03-31 04:00:00+00:00,109.67,112.46,109.6,112.05,8828832.0,104004.0,111.679469,64.0,0.23257894266033308,-0.3173592126105293,1.3936145599338026,-0.18049125526429258,-1.3222846571247828,-0.13959981386691966,-2.0138252098469533,2025-03-31
GLNG,2025-03-31 04:00:00+00:00,37.05,38.39,36.135,37.99,1957873.0,27987.0,37.731218,337.0,0.29039070749736773,0.49343705887744055,4.681989446645458,0.2514674582524123,-1.007871321401828,-0.13959981386691966,-2.0138252098469533,2025-03-31
GLPI,2025-03-31 04:00:00+00:00,50.45,51.22,50.45,50.9,1763243.0,20856.0,50.908101,454.0,0.8120419885125685,0.13732655659742535,0.9106110875529306,-0.4168330502251504,-0.0046449329949787635,-0.13959981386691966,-2.0138252098469533,2025-03-31
GNTX,2025-03-31 04:00:00+00:00,23.24,23.48,22.87,23.3,2825745.0,27659.0,23.204603,342.0,-0.42735042735041473,-0.5218003580289943,2.102888130484189,-0.3864922583192646,-0.35244208547337347,-0.13959981386691966,-2.0138252098469533,2025-03-31
GOOG,2025-03-31 04:00:00+00:00,154.81,157.13,152.21,156.23,33591401.0,423261.0,155.179359,13.0,0.10893246187362315,-0.7609474780587587,2.4382180561283837,-0.2617736962796545,-1.1938339999260972,-0.13959981386691966,-2.0138252098469533,2025-03-31
GOOGL,2025-03-31 04:00:00+00:00,153.11,155.54,150.662,154.64,54603335.0,605374.0,153.530748,8.0,0.20086826929306412,-0.7635122918225989,2.4225092976982205,-0.2944226816438663,-1.144680121923842,-0.13959981386691966,-2.0138252098469533,2025-03-31
GRPN,2025-03-31 04:00:00+00:00,18.32,19.17,18.32,18.77,1920437.0,21661.0,18.880322,435.0,-0.2656748140276388,3.989833994583472,12.539698165630965,1.956354835337369,7.928440387308727,-0.13959981386691966,-2.0138252098469533,2025-03-31
GT,2025-03-31 04:00:00+00:00,8.88,9.385,8.82,9.24,7202440.0,36442.0,9.200309,241.0,5.119453924914685,-0.6879988803996682,2.4343589307511064,0.301992319370509,-0.9308927673273735,-0.13959981386691966,-2.0138252098469533,2025-03-31
HALO,2025-03-31 04:00:00+00:00,63.39,64.07,62.6,63.81,1640126.0,19818.0,63.646974,481.0,-0.046992481203012026,0.47523970740266414,1.3244222156643584,-0.11198838413159812,-0.5700809728569209,-0.13959981386691966,-2.0138252098469533,2025-03-31
HAS,2025-03-31 04:00:00+00:00,60.51,61.59,59.89,61.49,1673280.0,28342.0,61.263583,334.0,1.4853936293117709,-0.39063938812787147,1.4495135415340368,-1.0822550895145613,2.0203436140395308,-0.13959981386691966,-2.0138252098469533,2025-03-31
HBAN,2025-03-31 04:00:00+00:00,14.64,15.07,14.49,15.01,18673368.0,59295.0,14.859007,135.0,1.4874915483434892,-0.14131887168033522,1.7618584983170944,0.1658892947383535,-0.23055392116250736,-0.13959981386691966,-2.0138252098469533,2025-03-31
HOLX,2025-03-31 04:00:00+00:00,61.36,62.18,61.05,61.77,2036389.0,30319.0,61.66591,307.0,0.7338551859099818,-0.3260487157056166,1.754572763894169,-0.9857344227779995,1.0614408501742407,-0.13959981386691966,-2.0138252098469533,2025-03-31
HON,2025-03-31 04:00:00+00:00,210.83,212.44,209.76,211.75,3968092.0,60853.0,211.464869,127.0,0.6703432537795928,-0.12604473819707615,1.0372902551906378,-0.8543742447086745,0.5404755965839558,-0.13959981386691966,-2.0138252098469533,2025-03-31
HSIC,2025-03-31 04:00:00+00:00,68.59,68.93,67.69,68.49,1253224.0,21931.0,68.406449,428.0,-0.18944914019237702,-0.3905584036842987,1.9261338649424073,-0.35653203219907076,-0.5990792627133342,-0.13959981386691966,-2.0138252098469533,2025-03-31
HST,2025-03-31 04:00:00+00:00,13.955,14.29,13.83,14.21,9220921.0,52130.0,14.161982,152.0,-0.42046250875962254,-0.8748558660394762,2.072410138615182,0.6070581283692008,-0.4753088225012108,-0.13959981386691966,-2.0138252098469533,2025-03-31
IBB,2025-03-31 04:00:00+00:00,127.57,128.55,124.98,127.9,1646795.0,20114.0,127.021921,469.0,-1.8343694834599633,-0.28471558476358927,1.790812138127019,0.19589473245233088,-0.26435929729042623,-0.13959981386691966,-2.0138252098469533,2025-03-31
IBKR,2025-03-31 04:00:00+00:00,159.29,166.64,157.21,165.59,1762423.0,30421.0,163.989304,305.0,0.5281690140845008,-0.9238701233112655,4.484200108793514,-1.3355166498461388,2.792795986652111,-0.13959981386691966,-2.0138252098469533,2025-03-31
IDXX,2025-03-31 04:00:00+00:00,416.58,421.8,411.59,419.95,926126.0,25876.0,418.618915,371.0,0.9810758169620293,-0.379460931045042,1.556892607496838,-0.1727367675116197,-0.6567621598693253,-0.13959981386691966,-2.0138252098469533,2025-03-31
IEF,2025-03-31 04:00:00+00:00,95.49,95.555,95.09,95.37,13255922.0,36909.0,95.321242,236.0,0.2944578820065269,0.04153976659316235,0.39949088171066055,0.4489346422309136,-0.41500194955623054,-0.13959981386691966,-2.0138252098469533,2025-03-31
ILMN,2025-03-31 04:00:00+00:00,79.405,79.95,77.54,79.34,1744142.0,30126.0,79.046953,309.0,-0.824999999999998,-0.5109238001866816,1.9351636945195125,-0.6209937092870796,2.869815783285742,-0.13959981386691966,-2.0138252098469533,2025-03-31
INCY,2025-03-31 04:00:00+00:00,60.15,60.81,59.1,60.55,1703401.0,27695.0,60.306474,340.0,-0.08250825082508628,-0.9960349492650376,2.675039593882418,-1.855495857202162,4.130419284037858,-0.13959981386691966,-2.0138252098469533,2025-03-31
INSM,2025-03-31 04:00:00+00:00,76.24,76.7,73.81,76.29,2938953.0,42498.0,75.979991,200.0,-2.1797666367482815,0.16069904170877092,1.7059449324393647,-0.7763522124675271,-0.647870580502538,-0.13959981386691966,-2.0138252098469533,2025-03-31
INTC,2025-03-31 04:00:00+00:00,22.38,22.745,21.75,22.71,65831969.0,285123.0,22.390465,20.0,0.0,0.7551456258421185,5.095666599467537,1.392294928904775,3.218710650925334,-0.13959981386691966,-2.0138252098469533,2025-03-31
INTU,2025-03-31 04:00:00+00:00,600.34,617.9999,593.73,613.99,3071729.0,66122.0,609.305644,114.0,2.5161958191411316,-0.10105677269710465,1.8851680841809548,-1.1294869060528754,2.1609989128221323,-0.13959981386691966,-2.0138252098469533,2025-03-31
IONS,2025-03-31 04:00:00+00:00,30.24,30.48,29.61,30.17,2042889.0,26322.0,30.057367,367.0,-4.886506935687251,0.039909904062246294,3.2041854846764117,-0.4278564394680366,-0.6557348845736911,-0.13959981386691966,-2.0138252098469533,2025-03-31
IOVA,2025-03-31 04:00:00+00:00,3.41,3.42,3.185,3.33,10665543.0,26530.0,3.309213,364.0,-6.4606741573033695,-0.28301569512687264,3.6575928743400925,-0.24716927793732374,-0.07046645559595478,-0.13959981386691966,-2.0138252098469533,2025-03-31
IQ,2025-03-31 04:00:00+00:00,2.2,2.27,2.18,2.26,39195793.0,30214.0,2.234514,308.0,0.4444444444444251,-0.22562714560498037,3.70479883604512,0.2881082268347211,-1.157433818238116,-0.13959981386691966,-2.0138252098469533,2025-03-31
IRDM,2025-03-31 04:00:00+00:00,27.1,27.61,26.69,27.32,1374454.0,20972.0,27.326278,449.0,-0.7988380537400142,-0.66947660303231,2.936126962544149,-1.0511947867273512,0.6608935472166257,-0.13959981386691966,-2.0138252098469533,2025-03-31
ISRG,2025-03-31 04:00:00+00:00,484.46,497.77,479.48,495.27,2290143.0,52813.0,491.575707,147.0,0.6973812621990927,-0.31219574158758817,2.7491684030233903,-1.0705967784456782,0.9064767124226665,-0.13959981386691966,-2.0138252098469533,2025-03-31
JACK,2025-03-31 04:00:00+00:00,26.92,27.69,26.69,27.19,998746.0,19737.0,27.3046,488.0,-5.721220527045768,-2.7899705397134613,10.71983519088962,-0.712708683973572,-0.5858196572866399,-0.13959981386691966,-2.0138252098469533,2025-03-31
JAZZ,2025-03-31 04:00:00+00:00,121.46,124.68,120.61,124.15,1500266.0,24292.0,123.506273,389.0,1.000650829808003,-0.8202651965474546,2.4336903574967477,0.26110098675160204,-0.9332413652779835,-0.13959981386691966,-2.0138252098469533,2025-03-31
JBHT,2025-03-31 04:00:00+00:00,145.0,149.36,144.78,147.95,912343.0,19907.0,147.627495,477.0,1.2523952915411973,-0.523339089069706,2.649027514201935,-2.146576764964915,6.042425411724941,-0.13959981386691966,-2.0138252098469533,2025-03-31
JBLU,2025-03-31 04:00:00+00:00,5.05,5.07,4.725,4.82,36767938.0,74641.0,4.844252,101.0,-7.485604606525909,-0.9975359281473146,3.5157810362520494,-0.6433624800024684,1.748277101369119,-0.13959981386691966,-2.0138252098469533,2025-03-31
JD,2025-03-31 04:00:00+00:00,40.86,41.315,40.55,41.12,7232056.0,79458.0,41.015598,88.0,-1.1063011063011108,-0.07639740845055079,2.798430706551567,0.30566273405150846,-0.6605056741200577,-0.13959981386691966,-2.0138252098469533,2025-03-31
KDP,2025-03-31 04:00:00+00:00,33.96,34.37,33.83,34.22,14302387.0,92356.0,34.166102,80.0,1.4226437462951935,0.08627937180915793,1.2002726589537391,-0.4624043692326061,0.034782078425171045,-0.13959981386691966,-2.0138252098469533,2025-03-31
KHC,2025-03-31 04:00:00+00:00,30.37,30.77,30.285,30.43,8891092.0,67977.0,30.475044,111.0,0.6283068783068835,-0.40339024744494556,1.478677501539587,-0.39903532809865777,0.13018339692769132,-0.13959981386691966,-2.0138252098469533,2025-03-31
KLAC,2025-03-31 04:00:00+00:00,672.99,681.14,655.42,679.8,1165423.0,39201.0,675.751388,219.0,0.9204275534441697,-0.33333279240090247,2.49153390945171,0.27664154599529406,-0.05922052572721088,-0.13959981386691966,-2.0138252098469533,2025-03-31
KTOS,2025-03-31 04:00:00+00:00,29.81,30.02,28.94,29.69,2768490.0,37643.0,29.561435,226.0,-3.2268578878748344,0.84005604695156,3.497688817640837,0.23156709897264646,-1.0314597689301122,-0.13959981386691966,-2.0138252098469533,2025-03-31
LIN,2025-03-31 04:00:00+00:00,458.87,468.04,458.41,465.64,2373305.0,39539.0,464.660438,216.0,1.4223170917645023,-0.1354106331832502,0.8404124920950999,-0.5256956372446376,-0.5663764372796516,-0.13959981386691966,-2.0138252098469533,2025-03-31
LITE,2025-03-31 04:00:00+00:00,60.85,62.53,59.25,62.34,1597469.0,25288.0,61.631187,379.0,-0.3835091083413178,0.20525558280458595,5.799811298450534,0.37928594479915984,-1.1324766249726474,-0.13959981386691966,-2.0138252098469533,2025-03-31
LKQ,2025-03-31 04:00:00+00:00,41.43,42.71,41.29,42.54,3507039.0,41960.0,42.267999,202.0,2.284202933397439,-0.27090713322112736,1.4318683308888907,-0.35968575906132216,-1.1781554376117858,-0.13959981386691966,-2.0138252098469533,2025-03-31
LNT,2025-03-31 04:00:00+00:00,63.99,64.745,63.63,64.35,2143992.0,29184.0,64.275096,326.0,1.2110726643598468,0.11868966923576506,0.846065251983992,-0.22867586417057534,-0.9800439758602911,-0.13959981386691966,-2.0138252098469533,2025-03-31
LNW,2025-03-31 04:00:00+00:00,87.07,87.812,84.975,86.61,1254730.0,20773.0,86.465953,456.0,-2.783701874508926,-0.4154397613999477,7.18859047993303,-0.4679426559299984,0.3530265120338021,-0.13959981386691966,-2.0138252098469533,2025-03-31
LPLA,2025-03-31 04:00:00+00:00,320.29,332.91,319.2,327.14,1818846.0,34140.0,327.981703,263.0,-2.8941197423491327,-0.42976330115979616,3.3126449044154773,-0.5252755616769343,-0.12361051935022115,-0.13959981386691966,-2.0138252098469533,2025-03-31
LRCX,2025-03-31 04:00:00+00:00,71.6,72.85,70.44,72.7,11778105.0,130661.0,72.088868,46.0,0.12394986916404171,-0.5234571583939235,2.8520944305087244,0.1507693396099575,0.852971148105402,-0.13959981386691966,-2.0138252098469533,2025-03-31
LSCC,2025-03-31 04:00:00+00:00,54.0,54.255,51.43,52.45,4332640.0,48772.0,52.313223,165.0,-5.153707052441215,-0.8977381171313321,3.2296803768470848,0.3243514137735191,-0.27342886690737617,-0.13959981386691966,-2.0138252098469533,2025-03-31
LULU,2025-03-31 04:00:00+00:00,286.14,291.7599,280.831,283.06,4414407.0,97901.0,284.320791,72.0,-3.412270524807204,-0.9729875755576531,4.408999085090124,-1.896057666344827,5.751251637339485,-0.13959981386691966,-2.0138252098469533,2025-03-31
LX,2025-03-31 04:00:00+00:00,10.7,10.95,10.02,10.09,4281345.0,31643.0,10.337592,291.0,-9.180918091809176,0.9735863339295716,5.57436811157133,0.797876467024569,1.1183864769984448,-0.13959981386691966,-2.0138252098469533,2025-03-31
LXRX,2025-03-31 04:00:00+00:00,0.5748,0.7072,0.4501,0.4608,80248740.0,95713.0,0.58873,74.0,-19.228746713409294,-0.9116151108723936,33.48901044943637,0.3965051405766086,1.357777927451898,-0.13959981386691966,-2.0138252098469533,2025-03-31
MANH,2025-03-31 04:00:00+00:00,171.36,174.12,169.1629,173.04,792629.0,19325.0,172.648931,497.0,-0.2536315425409219,-0.490923517475281,2.4740299860030412,0.10741675054705596,-0.379104673617269,-0.13959981386691966,-2.0138252098469533,2025-03-31
MAR,2025-03-31 04:00:00+00:00,234.8,239.68,230.92,238.2,1948856.0,40237.0,237.090363,212.0,0.502088519471755,-0.6579264268899188,2.4030994786011597,0.2152628158932597,-1.4330384667200549,-0.13959981386691966,-2.0138252098469533,2025-03-31
MAT,2025-03-31 04:00:00+00:00,19.13,19.54,19.01,19.43,3323083.0,29330.0,19.37787,320.0,0.6735751295336767,-0.5493114866041042,1.5893987087498564,-0.29644081002166794,0.6623937712889363,-0.13959981386691966,-2.0138252098469533,2025-03-31
MCHP,2025-03-31 04:00:00+00:00,48.18,48.84,47.435,48.41,14064967.0,110882.0,48.2344,61.0,-0.5954825462012425,-1.2831785871449217,3.8892660770493492,-0.8446298353497261,1.0669402406291373,-0.13959981386691966,-2.0138252098469533,2025-03-31
MDB,2025-03-31 04:00:00+00:00,175.22,176.6,170.85,175.4,2807927.0,46883.0,174.57513,176.0,-1.4772791102623084,-0.2855489687314957,3.741338254636469,0.6647381264933104,0.9239003560513729,-0.13959981386691966,-2.0138252098469533,2025-03-31
MDLZ,2025-03-31 04:00:00+00:00,67.85,68.04,67.22,67.85,12950871.0,100034.0,67.766533,69.0,0.1919669226225551,0.009147639685597694,1.5347696078078477,-1.2206576251751584,3.7098906053000165,-0.13959981386691966,-2.0138252098469533,2025-03-31
MELI,2025-03-31 04:00:00+00:00,1995.99,2020.0,1921.0,1950.87,681200.0,37665.0,1947.682701,225.0,-4.745931535543235,0.05167626312611955,3.004389271119028,-0.49427414607800185,-0.8468309068738958,-0.13959981386691966,-2.0138252098469533,2025-03-31
META,2025-03-31 04:00:00+00:00,563.5,578.7,553.3,576.36,21124677.0,454176.0,568.648503,12.0,-0.06588757499046416,-0.5035759388384816,2.8298333123033084,-0.23807901417602498,-1.3010560105124402,-0.13959981386691966,-2.0138252098469533,2025-03-31
MGNI,2025-03-31 04:00:00+00:00,11.2,11.48,10.86,11.41,2891321.0,30100.0,11.311103,310.0,-1.5955153083225593,-0.7162220242687243,4.407758516821136,-0.05408255602302802,-1.4368159795354796,-0.13959981386691966,-2.0138252098469533,2025-03-31
MKSI,2025-03-31 04:00:00+00:00,79.93,80.7,77.865,80.15,1426349.0,26173.0,79.645966,368.0,-1.7649221718347818,-0.20363870087674898,3.593896441714173,0.09686191759429279,-0.452541377819052,-0.13959981386691966,-2.0138252098469533,2025-03-31
MNRO,2025-03-31 04:00:00+00:00,15.28,15.605,14.085,14.47,2601498.0,36121.0,14.52163,246.0,-15.872093023255808,-1.2585919936427887,15.40884771566733,1.8984084597157687,6.7787774043173545,-0.13959981386691966,-2.0138252098469533,2025-03-31
MNST,2025-03-31 04:00:00+00:00,57.94,58.89,57.94,58.52,5587160.0,57680.0,58.548023,138.0,1.1406844106463865,0.3350949877499268,1.0438884209556454,-0.27161301100421736,-0.765802626846094,-0.13959981386691966,-2.0138252098469533,2025-03-31
MPWR,2025-03-31 04:00:00+00:00,567.83,581.5,554.02,579.98,1141400.0,32620.0,573.54502,281.0,0.015520184862660713,-0.12647503915819117,3.7521043599520527,0.6963491904007824,-0.7733536619439528,-0.13959981386691966,-2.0138252098469533,2025-03-31
MRNA,2025-03-31 04:00:00+00:00,28.89,28.95,26.802,28.35,20455754.0,191634.0,27.932899,27.0,-8.901028277634959,-0.8445642675604067,3.247141246428743,-0.25692434300414807,-0.13614651812012277,-0.13959981386691966,-2.0138252098469533,2025-03-31
MRVL,2025-03-31 04:00:00+00:00,60.375,61.66,59.24,61.57,16032442.0,169583.0,60.599785,29.0,-0.7575757575757569,-0.820848052161603,3.5374620538262045,-0.5025031221509011,-0.6624038475439741,-0.13959981386691966,-2.0138252098469533,2025-03-31
MSFT,2025-03-31 04:00:00+00:00,372.535,377.07,367.24,375.39,35184173.0,509402.0,373.139765,10.0,-0.9002111932418178,-0.23863589979526897,1.5739973694234584,-0.5328804658378942,0.3148268550317546,-0.13959981386691966,-2.0138252098469533,2025-03-31
MTCH,2025-03-31 04:00:00+00:00,30.49,31.3,30.13,31.2,10750124.0,69201.0,31.121788,110.0,1.86092066601371,-0.3964555269855836,2.188851055279098,0.5354750057390686,-0.6383655110282783,-0.13959981386691966,-2.0138252098469533,2025-03-31
MTSI,2025-03-31 04:00:00+00:00,96.56,100.65,94.01,100.38,1580248.0,20881.0,98.460121,451.0,-4.988168480832944,-1.1224192586886608,6.9950664661409325,-1.1936126237889775,1.65470052588195,-0.13959981386691966,-2.0138252098469533,2025-03-31
MU,2025-03-31 04:00:00+00:00,86.0,87.09,84.1001,86.89,21089544.0,240673.0,85.787519,24.0,-1.752600633197643,-0.2516599216548279,4.135390963690149,0.033543222228469505,0.16741402170578767,-0.13959981386691966,-2.0138252098469533,2025-03-31
MXL,2025-03-31 04:00:00+00:00,10.57,10.88,10.21,10.86,1304937.0,19756.0,10.720341,484.0,-1.1828935395814422,-3.05116566019938,5.203364915373822,0.9363222697269281,0.5641155692168736,-0.13959981386691966,-2.0138252098469533,2025-03-31
NBIS,2025-03-31 04:00:00+00:00,21.115,21.8,20.72,21.11,13795042.0,95072.0,21.162059,75.0,-5.378753922008062,-1.2167165827663622,7.8046681659401544,0.36110971522446045,-1.3270099522765617,-0.13959981386691966,-2.0138252098469533,2025-03-31
NBIX,2025-03-31 04:00:00+00:00,111.545,112.6,109.0,110.6,1358340.0,22100.0,110.820877,426.0,-3.3639143730886945,0.09203598077522455,1.6988503845034657,-0.22931591268518864,-0.01496623078017041,-0.13959981386691966,-2.0138252098469533,2025-03-31
NDAQ,2025-03-31 04:00:00+00:00,74.15,76.03,73.95,75.86,4035483.0,45687.0,75.416165,186.0,1.2681884928581022,0.03338968846177339,1.5417988392849618,-0.10070945554300308,-1.3080829102593132,-0.13959981386691966,-2.0138252098469533,2025-03-31
NFLX,2025-03-31 04:00:00+00:00,920.53,934.48,900.59,932.53,4634059.0,131405.0,922.350765,44.0,-0.14135032392783575,0.34877637092316943,2.772071507400319,-0.3830261450053784,-1.4785620155656363,-0.13959981386691966,-2.0138252098469533,2025-03-31
NTAP,2025-03-31 04:00:00+00:00,87.19,88.64,86.4,87.84,2953355.0,43651.0,87.544297,196.0,-0.6334841628959254,-0.3781586305626177,1.7478725983931847,0.6314618865846475,-0.5998611116906952,-0.13959981386691966,-2.0138252098469533,2025-03-31
NTES,2025-03-31 04:00:00+00:00,101.19,103.21,100.5,102.92,990194.0,19461.0,102.418877,496.0,2.992094466126294,0.08784404503208139,1.9678120508336108,-0.07606090831281653,-1.357891460022616,-0.13959981386691966,-2.0138252098469533,2025-03-31
NTLA,2025-03-31 04:00:00+00:00,7.69,7.83,6.975,7.11,6679372.0,50573.0,7.157185,158.0,-11.895910780669139,-1.5587000486406635,4.270864750998333,0.02651795301576407,-1.3347605598292573,-0.13959981386691966,-2.0138252098469533,2025-03-31
NTNX,2025-03-31 04:00:00+00:00,69.69,69.92,67.38,69.81,2235658.0,28971.0,69.249493,328.0,-1.7037454238242655,0.1072803102076302,3.227246596768682,-1.221744571114425,2.607539800774176,-0.13959981386691966,-2.0138252098469533,2025-03-31
NTRA,2025-03-31 04:00:00+00:00,140.08,142.92,136.56,141.41,2304413.0,34055.0,140.266316,265.0,-1.7576768097818496,0.19702859920812751,3.0439845285563645,-0.061915971782454005,-0.35547568410753866,-0.13959981386691966,-2.0138252098469533,2025-03-31
NTRS,2025-03-31 04:00:00+00:00,96.2,98.92,95.0455,98.65,1792881.0,26573.0,98.021961,363.0,1.544004117344322,-0.4568394949332992,1.8860700939916972,-0.3648369833289306,-0.5001414196119597,-0.13959981386691966,-2.0138252098469533,2025-03-31
NVAX,2025-03-31 04:00:00+00:00,6.49,6.59,6.28,6.41,4626281.0,31237.0,6.449855,296.0,-8.42857142857143,-1.131221137214646,2.5239609785966137,0.945352029940964,1.1088784266416478,-0.13959981386691966,-2.0138252098469533,2025-03-31
NVDA,2025-03-31 04:00:00+00:00,105.13,110.955,103.65,108.38,299212213.0,2328689.0,106.086596,1.0,-1.1762560408498324,-0.12561486569477076,3.448504394475217,0.276524830067664,-0.22854696156986457,-0.13959981386691966,-2.0138252098469533,2025-03-31
NWL,2025-03-31 04:00:00+00:00,6.26,6.29,6.06,6.2,8863533.0,30331.0,6.163597,306.0,-2.9733959311423974,-0.3496453706952773,1.8043942918381084,1.1227900632184373,2.0405707117295573,-0.13959981386691966,-2.0138252098469533,2025-03-31
NWS,2025-03-31 04:00:00+00:00,29.8,30.54,29.64,30.37,5488728.0,27053.0,30.176571,357.0,-7.802064359441396,1.6243116719288677,4.990556644971853,1.6351771198744036,3.8679368409298482,-0.13959981386691966,-2.0138252098469533,2025-03-31
NWSA,2025-03-31 04:00:00+00:00,26.89,27.38,26.44,27.22,14342944.0,60286.0,27.091137,131.0,2.369311771342608,-0.32549278254730524,1.379899363293554,0.5338283421057489,-0.2962586305279102,-0.13959981386691966,-2.0138252098469533,2025-03-31
NXPI,2025-03-31 04:00:00+00:00,187.3,191.11,183.56,190.06,4304221.0,62458.0,188.205971,120.0,0.03684404442338973,-1.011462606088115,2.8395856918220304,0.3541099778348303,0.8339219002755118,-0.13959981386691966,-2.0138252098469533,2025-03-31
ODFL,2025-03-31 04:00:00+00:00,162.05,166.62,162.05,165.45,1608374.0,35303.0,165.109433,257.0,0.36396724294813776,-0.5416829590286449,2.3491793080519017,-0.6689501463023546,1.09629113233125,-0.13959981386691966,-2.0138252098469533,2025-03-31
OKTA,2025-03-31 04:00:00+00:00,106.53,106.79,102.91,105.22,2761279.0,45869.0,104.701603,184.0,-2.5650523196592223,-0.2277483070256969,2.959341902761655,-0.13393480107694652,0.36982661373277836,-0.13959981386691966,-2.0138252098469533,2025-03-31
OLED,2025-03-31 04:00:00+00:00,142.55,143.0,136.7,139.48,864384.0,21915.0,139.074397,429.0,-10.88109385981727,0.3901525906473117,3.9898806462644525,0.9309377686055444,0.7244674368804832,-0.13959981386691966,-2.0138252098469533,2025-03-31
OLLI,2025-03-31 04:00:00+00:00,110.85,116.788,110.16,116.36,1177717.0,23290.0,115.238476,403.0,2.755210173083711,0.6824062932438953,3.323220166024004,0.8014608330427762,1.774222408639311,-0.13959981386691966,-2.0138252098469533,2025-03-31
ON,2025-03-31 04:00:00+00:00,40.55,41.54,39.36,40.69,8999053.0,92919.0,40.274916,79.0,-0.6106497313141168,-0.6544464957644891,2.627032658237247,-0.20058344376517426,0.7928302537000633,-0.13959981386691966,-2.0138252098469533,2025-03-31
ONB,2025-03-31 04:00:00+00:00,20.81,21.3,20.7,21.19,2175976.0,23701.0,21.143975,396.0,0.7608178792201548,-0.1464890047287721,2.448558683791621,-1.2656132361399173,3.4263934820270467,-0.13959981386691966,-2.0138252098469533,2025-03-31
OPCH,2025-03-31 04:00:00+00:00,34.59,35.13,34.53,34.95,1527150.0,22616.0,34.930313,417.0,0.6334581053844213,0.1506003197329147,1.5290701363260175,0.5897986566820946,0.8105043898434661,-0.13959981386691966,-2.0138252098469533,2025-03-31
ORLY,2025-03-31 04:00:00+00:00,1417.36,1450.0,1417.36,1432.58,505741.0,26800.0,1432.626531,361.0,1.7060097263142948,0.263680431063904,1.7155904106433826,0.19392834492278327,-0.9124061503625726,-0.13959981386691966,-2.0138252098469533,2025-03-31
OZK,2025-03-31 04:00:00+00:00,43.12,43.74,42.755,43.45,1301433.0,19739.0,43.350934,487.0,-0.6402927052366669,-1.0947322400101223,3.254231725504077,-0.8285709348730521,0.5493943172540937,-0.13959981386691966,-2.0138252098469533,2025-03-31
PANW,2025-03-31 04:00:00+00:00,169.57,171.015,165.8844,170.64,5888637.0,98168.0,169.347176,70.0,-1.2271359110905378,-0.27359794825895833,2.685894879692035,-0.37228659934479413,-0.542423243049426,-0.13959981386691966,-2.0138252098469533,2025-03-31
PARA,2025-03-31 04:00:00+00:00,11.48,11.99,11.45,11.96,27063615.0,72736.0,11.894779,105.0,3.460207612456756,-0.3137792820889587,1.5970211195897834,-0.9946194484594758,2.097367424481688,-0.13959981386691966,-2.0138252098469533,2025-03-31
PAYX,2025-03-31 04:00:00+00:00,151.4,154.71,151.4,154.28,2910733.0,47718.0,153.54999,172.0,2.151890352910013,-0.0869370893247293,2.077584476006209,-0.4441667823995832,2.4177954136142668,-0.13959981386691966,-2.0138252098469533,2025-03-31
PCAR,2025-03-31 04:00:00+00:00,96.9,98.115,95.86,97.37,3356816.0,47018.0,97.177651,175.0,0.47466721700548664,-0.826683948043722,1.9472778544720906,-0.8050551008726812,0.7374411729925291,-0.13959981386691966,-2.0138252098469533,2025-03-31
PDD,2025-03-31 04:00:00+00:00,118.835,119.28,117.29,118.35,6751896.0,74712.0,118.425265,100.0,-1.7434620174346271,0.06510363390714095,2.773708292420301,0.3439128334529179,-0.9686602740744872,-0.13959981386691966,-2.0138252098469533,2025-03-31
PENN,2025-03-31 04:00:00+00:00,16.48,16.86,16.22,16.31,3535032.0,37141.0,16.455434,231.0,-3.6052009456264966,-0.4518900256920215,3.612169427544283,-0.6903660698436225,2.0780486603842463,-0.13959981386691966,-2.0138252098469533,2025-03-31
PEP,2025-03-31 04:00:00+00:00,150.2,152.59,149.7463,149.94,9985678.0,125372.0,150.525159,52.0,0.4488510752327812,-0.21725259115033005,1.4229346327711092,-0.15091409086940794,-0.4106857709927283,-0.13959981386691966,-2.0138252098469533,2025-03-31
PFG,2025-03-31 04:00:00+00:00,82.9,84.78,82.1759,84.37,1160193.0,19643.0,84.094412,492.0,1.5771731278593881,-0.18745589987349978,1.7775756274643775,0.43523035595779225,-0.7989279448721869,-0.13959981386691966,-2.0138252098469533,2025-03-31
PLAY,2025-03-31 04:00:00+00:00,18.63,18.69,17.355,17.57,1330796.0,21216.0,17.750842,444.0,-11.575239053850028,-0.6837049226989225,5.6749749163170735,-0.3168534794362582,-0.6164928651192637,-0.13959981386691966,-2.0138252098469533,2025-03-31
PLUG,2025-03-31 04:00:00+00:00,1.3,1.36,1.26,1.35,59675245.0,57097.0,1.31707,141.0,0.746268656716409,-1.843879788887286,2.557887006441361,-0.32054343766787996,-0.48485273349403457,-0.13959981386691966,-2.0138252098469533,2025-03-31
PODD,2025-03-31 04:00:00+00:00,256.68,263.63,255.745,262.61,744779.0,22029.0,260.989141,427.0,0.8990663541706745,-0.2558081704376374,3.067192207626874,-0.24646258550634112,-0.8135665288501621,-0.13959981386691966,-2.0138252098469533,2025-03-31
PPC,2025-03-31 04:00:00+00:00,53.37,55.15,53.09,54.51,1232516.0,21525.0,54.556399,437.0,2.0977711181869196,-0.1287441242309263,2.9147503782610915,-0.45009975869648966,-0.8939472744397009,-0.13959981386691966,-2.0138252098469533,2025-03-31
PTC,2025-03-31 04:00:00+00:00,153.76,155.4,151.92,154.95,1458541.0,27236.0,154.081681,354.0,0.09689922480617952,-0.3196386752263403,1.7068364683005037,-0.286105764290641,-1.158055847428442,-0.13959981386691966,-2.0138252098469533,2025-03-31
PTCT,2025-03-31 04:00:00+00:00,52.89,52.89,45.4,50.96,1918694.0,27381.0,49.770589,350.0,-7.781397032211357,3.4164715247182245,11.797456407650692,0.4611686698944929,0.01327447428204355,-0.13959981386691966,-2.0138252098469533,2025-03-31
PTEN,2025-03-31 04:00:00+00:00,8.1,8.32,8.015,8.22,6756667.0,28091.0,8.255829,336.0,0.3663003663003872,0.6150163318269217,2.7868781285705353,0.980585524679643,0.35397995119826603,-0.13959981386691966,-2.0138252098469533,2025-03-31
PYPL,2025-03-31 04:00:00+00:00,64.28,65.43,63.4,65.25,11562033.0,130744.0,64.698714,45.0,0.15349194167304514,-0.5013769927814132,2.1311198782789513,-0.6910171621237856,0.7401979189049928,-0.13959981386691966,-2.0138252098469533,2025-03-31
QCOM,2025-03-31 04:00:00+00:00,150.805,153.85,147.88,153.61,8613555.0,101426.0,152.145282,66.0,0.5827658459926832,-0.34535530444621826,1.7928393061595915,-0.17397799768839245,0.6040847521958626,-0.13959981386691966,-2.0138252098469533,2025-03-31
QQQ,2025-03-31 04:00:00+00:00,461.92,469.86,457.33,468.92,52999898.0,573203.0,463.847362,9.0,-0.004264937945153147,-0.3017225849485212,1.7837092867645843,-0.37778259932585084,-0.4585605425789703,-0.13959981386691966,-2.0138252098469533,2025-03-31
QRVO,2025-03-31 04:00:00+00:00,70.19,72.7,69.701,72.41,1634072.0,30635.0,71.967984,301.0,1.2727272727272698,-0.44899773441867347,2.385776669688188,0.30099294679931937,-0.7295631573851471,-0.13959981386691966,-2.0138252098469533,2025-03-31
QURE,2025-03-31 04:00:00+00:00,11.34,11.4,9.38,10.6,3896740.0,27219.0,10.414227,355.0,-19.238095238095244,6.8667859071276665,31.995004480073607,2.9850523820647763,10.570915478464276,-0.13959981386691966,-2.0138252098469533,2025-03-31
RDFN,2025-03-31 04:00:00+00:00,9.56,9.6,8.9085,9.21,13945413.0,77019.0,9.153053,95.0,-9.794319294809007,4.855129347620721,17.659945686817785,3.708083462423045,14.062242342579621,-0.13959981386691966,-2.0138252098469533,2025-03-31
REG,2025-03-31 04:00:00+00:00,73.23,74.0,72.72,73.76,1986560.0,27627.0,73.559765,343.0,1.2213530945519357,0.010883662529115086,1.9562274459449271,-1.616614308625295,3.6718022793623377,-0.13959981386691966,-2.0138252098469533,2025-03-31
REGN,2025-03-31 04:00:00+00:00,630.08,640.72,618.505,634.23,1066328.0,33007.0,632.2301,276.0,-0.4910882389858151,-0.6656451073309095,2.4551924511026475,0.7176608029238328,1.1653401420856984,-0.13959981386691966,-2.0138252098469533,2025-03-31
ROKU,2025-03-31 04:00:00+00:00,70.06,71.24,67.5,70.44,3756155.0,49443.0,70.054064,162.0,-2.8279762725893165,-0.2877720917834454,4.274434062542327,0.1602514946052895,-0.9567761679108603,-0.13959981386691966,-2.0138252098469533,2025-03-31
ROP,2025-03-31 04:00:00+00:00,582.83,592.01,580.19,589.58,994758.0,24345.0,588.019953,387.0,1.1911300288342863,-0.01377860413793588,1.2644714858786854,-0.07705064327339205,-0.5434304440292649,-0.13959981386691966,-2.0138252098469533,2025-03-31
ROST,2025-03-31 04:00:00+00:00,124.6,128.25,124.07,127.79,3318274.0,51050.0,126.865354,153.0,1.8896507734013746,-0.5166558419885147,2.0691544192667,1.0123209904042316,1.0794128468221282,-0.13959981386691966,-2.0138252098469533,2025-03-31
RUN,2025-03-31 04:00:00+00:00,5.8,5.915,5.545,5.86,11446467.0,60721.0,5.792711,128.0,-1.3468013468013518,-1.1616996640423163,4.0370604673501775,0.6295700651411934,-0.313115990044754,-0.13959981386691966,-2.0138252098469533,2025-03-31
SABR,2025-03-31 04:00:00+00:00,2.93,2.99,2.73,2.81,13153225.0,38604.0,2.812635,221.0,-8.16993464052288,-1.8883332280119018,5.113103022664172,0.583995038760832,-0.21537862512997571,-0.13959981386691966,-2.0138252098469533,2025-03-31
SAIC,2025-03-31 04:00:00+00:00,112.38,115.0,111.75,112.27,1049730.0,21028.0,112.853797,446.0,-0.23104949791167284,0.9490356968529204,4.265870093373238,0.5194317629928576,0.4578837602577677,-0.13959981386691966,-2.0138252098469533,2025-03-31
SAIL,2025-03-31 04:00:00+00:00,19.48,19.48,18.22,18.75,2273239.0,19784.0,18.787954,483.0,-4.042988741044007,-4.683441826195695,18.85892523853479,-2.612388132187569,9.147594718249124,-0.13959981386691966,-2.0138252098469533,2025-03-31
SBAC,2025-03-31 04:00:00+00:00,218.75,222.79,217.855,220.01,1209485.0,22702.0,219.937314,415.0,2.659698567495683,0.5654545586688774,2.150284229988401,0.09849275556891263,-0.32392058008288016,-0.13959981386691966,-2.0138252098469533,2025-03-31
SBUX,2025-03-31 04:00:00+00:00,96.62,98.815,94.58,98.09,11302806.0,129482.0,97.543771,50.0,0.36836181315871297,-0.5524796150338113,1.9264451180933129,-0.6344152442753348,0.6705695114240973,-0.13959981386691966,-2.0138252098469533,2025-03-31
SCZ,2025-03-31 04:00:00+00:00,63.36,63.6,63.08,63.53,3544348.0,23194.0,63.365874,404.0,-0.8583021223470655,0.8025372964401526,4.544533833847606,1.2688122716548207,2.298576465318275,-0.13959981386691966,-2.0138252098469533,2025-03-31
SEDG,2025-03-31 04:00:00+00:00,15.185,16.33,14.5519,16.18,3642867.0,34365.0,15.758729,261.0,2.0820189274447953,-0.3389943125328812,3.8418657959735873,0.779444530448265,1.1395953121643407,-0.13959981386691966,-2.0138252098469533,2025-03-31
SFM,2025-03-31 04:00:00+00:00,145.85,152.78,145.64,152.64,1534529.0,29303.0,151.222664,322.0,3.306148692091626,0.5274524158773063,2.114104711645202,-0.5140178043450666,-1.1886286935370998,-0.13959981386691966,-2.0138252098469533,2025-03-31
SHOO,2025-03-31 04:00:00+00:00,26.26,26.725,25.92,26.64,2062604.0,23478.0,26.511329,399.0,-0.037523452157595116,-0.5969325011598908,3.683953471557742,1.1186182339684403,4.313922454029923,-0.13959981386691966,-2.0138252098469533,2025-03-31
SHOP,2025-03-31 04:00:00+00:00,92.72,96.11,89.235,95.48,15801876.0,157577.0,93.05206,33.0,-1.2412081092263216,-0.1352117651181526,4.580147002395915,-0.036350062863650105,-0.8938078333886822,-0.13959981386691966,-2.0138252098469533,2025-03-31
SHV,2025-03-31 04:00:00+00:00,110.46,110.47,110.46,110.46,10044006.0,103746.0,110.465741,65.0,0.009053870529651675,0.01510862677414071,0.011321054393787689,1.0552339280296996,0.21942112518938436,-0.13959981386691966,-2.0138252098469533,2025-03-31
SIRI,2025-03-31 04:00:00+00:00,22.49,22.71,22.04,22.545,4643815.0,40551.0,22.429818,209.0,-0.9010989010988957,-0.6471313610198535,2.912881453556577,-0.5880913422311475,-0.023764351839933903,-0.13959981386691966,-2.0138252098469533,2025-03-31
SLM,2025-03-31 04:00:00+00:00,28.42,29.555,28.23,29.37,1936447.0,22827.0,29.190534,412.0,1.626297577854685,-0.11186808659105557,1.8578985139631898,0.7842496345167123,-0.2084876264573785,-0.13959981386691966,-2.0138252098469533,2025-03-31
SMH,2025-03-31 04:00:00+00:00,207.33,211.69,204.51,211.47,9477213.0,118538.0,207.859973,57.0,-0.32992411745298433,-0.3689632141081224,2.2782291404196746,-0.06938620756054983,-0.4102495620794549,-0.13959981386691966,-2.0138252098469533,2025-03-31
SMTC,2025-03-31 04:00:00+00:00,33.79,34.65,32.54,34.4,2855509.0,29775.0,34.175058,314.0,-1.854493580599137,0.5041971279040933,6.855093247246191,2.1433599569485637,5.487918738577277,-0.13959981386691966,-2.0138252098469533,2025-03-31
SNPS,2025-03-31 04:00:00+00:00,429.02,431.685,423.0827,428.85,1371426.0,39689.0,428.258277,215.0,-2.0778627697225605,-0.17552390113874827,1.9755776406602061,-0.03510174129600119,1.965207878706422,-0.13959981386691966,-2.0138252098469533,2025-03-31
SNY,2025-03-31 04:00:00+00:00,54.95,55.62,54.6,55.46,1559171.0,23402.0,55.159094,401.0,-0.644930132568966,-0.07051411313584227,1.6397894441324299,0.2172626515809082,-0.9077669868639103,-0.13959981386691966,-2.0138252098469533,2025-03-31
SOXX,2025-03-31 04:00:00+00:00,184.7,188.3,182.12,188.17,3843006.0,63531.0,185.513142,117.0,-0.27029891880433476,-0.4906513704391629,2.2425873551437268,0.08676938466574065,-0.5489557098288881,-0.13959981386691966,-2.0138252098469533,2025-03-31
SQQQ,2025-03-31 04:00:00+00:00,40.06,41.2,38.12,38.34,100237040.0,318080.0,39.740367,17.0,0.1044386422976773,0.8297228233089161,5.217494964159272,0.3796132520292413,-0.369320270168043,-0.13959981386691966,-2.0138252098469533,2025-03-31
SRPT,2025-03-31 04:00:00+00:00,65.9,67.47,62.5,63.82,4633348.0,52578.0,64.091373,148.0,-11.126584041219889,-2.7264979625700714,7.918552470186886,-1.8122769904389526,5.413300146472362,-0.13959981386691966,-2.0138252098469533,2025-03-31
SSNC,2025-03-31 04:00:00+00:00,81.63,83.89,81.03,83.53,2010915.0,24283.0,83.081663,390.0,1.890705050012187,-0.5389587734357703,1.5306176923957966,-0.1399997837479437,-0.6762786276168224,-0.13959981386691966,-2.0138252098469533,2025-03-31
SSRM,2025-03-31 04:00:00+00:00,10.9,10.99,9.785,10.03,4395946.0,32550.0,10.107097,283.0,-7.812500000000011,1.0915790300808161,3.7384156390783283,2.232890983132829,7.023696842515221,-0.13959981386691966,-2.0138252098469533,2025-03-31
STLD,2025-03-31 04:00:00+00:00,123.51,125.6,121.24,125.08,1771907.0,32206.0,124.044931,288.0,0.8953779140114637,-0.030665593427531026,2.356322140790248,-0.4231147238398161,-0.696279782252144,-0.13959981386691966,-2.0138252098469533,2025-03-31
STNE,2025-03-31 04:00:00+00:00,10.73,10.755,10.4115,10.48,6738742.0,33935.0,10.574269,267.0,-4.640582347588717,0.9360131757761361,4.935927136510934,1.954825823258268,5.120009853630729,-0.13959981386691966,-2.0138252098469533,2025-03-31
STX,2025-03-31 04:00:00+00:00,84.49,85.31,82.8765,84.95,2628656.0,37088.0,84.412908,232.0,0.03532736693359073,-0.22546236963024266,1.5900456686836288,0.5352051782348125,0.51358288659779,-0.13959981386691966,-2.0138252098469533,2025-03-31
SWKS,2025-03-31 04:00:00+00:00,63.5,64.73,62.72,64.63,3169837.0,46160.0,64.278396,182.0,0.7953836556456428,-0.8028675128726115,2.196659417727394,0.11028129106740618,0.5594444821237138,-0.13959981386691966,-2.0138252098469533,2025-03-31
TCOM,2025-03-31 04:00:00+00:00,63.04,63.96,62.6,63.58,2478282.0,36014.0,63.359723,247.0,1.4358647096362365,-0.08446280560734068,2.830855891186985,1.328151603129286,2.7891832587699414,-0.13959981386691966,-2.0138252098469533,2025-03-31
TEAM,2025-03-31 04:00:00+00:00,212.17,213.5,205.42,212.21,2397622.0,45696.0,210.171662,185.0,-2.6514977751272983,-0.5203764507697504,4.266211280395426,-0.8160500010250946,0.3992218193079818,-0.13959981386691966,-2.0138252098469533,2025-03-31
TER,2025-03-31 04:00:00+00:00,81.36,83.0,79.6,82.6,2825429.0,44922.0,81.991781,188.0,-0.21744382701136544,-1.6715635644267577,4.811883725240411,-2.400906380524794,8.148359275287255,-0.13959981386691966,-2.0138252098469533,2025-03-31
TGTX,2025-03-31 04:00:00+00:00,38.32,39.61,36.41,39.43,3781506.0,37299.0,38.283166,229.0,-1.0787757150025112,0.31044450392267475,3.8860184358165077,1.3360331411153186,2.140690850645252,-0.13959981386691966,-2.0138252098469533,2025-03-31
TLT,2025-03-31 04:00:00+00:00,91.23,91.335,90.36,91.03,38824321.0,121622.0,90.883187,55.0,0.9873530064344438,0.004671364504715895,0.7256536080544423,0.4969786088152908,-0.8276897969992169,-0.13959981386691966,-2.0138252098469533,2025-03-31
TMUS,2025-03-31 04:00:00+00:00,264.71,268.1,264.6038,266.71,4073196.0,66951.0,266.341326,112.0,0.6718755897784146,0.0028521624548814906,1.5048657636166483,-0.833980307469068,1.396917771929796,-0.13959981386691966,-2.0138252098469533,2025-03-31
TQQQ,2025-03-31 04:00:00+00:00,54.72,57.628,53.04,57.3,106853872.0,626362.0,55.302284,7.0,-0.06975933031043713,-0.9375145719796902,5.327238228647982,-0.31604144368697495,-0.6097563451244037,-0.13959981386691966,-2.0138252098469533,2025-03-31
TRIP,2025-03-31 04:00:00+00:00,13.94,14.25,13.39,14.17,2514367.0,32261.0,13.988575,287.0,0.6034788782392608,-0.0037200530811527816,2.7764205947955345,-0.6534151529193137,0.33685254603952475,-0.13959981386691966,-2.0138252098469533,2025-03-31
TRMB,2025-03-31 04:00:00+00:00,64.69,65.94,63.76,65.65,1704731.0,25254.0,65.450595,381.0,0.1984126984127199,-0.32580606818715196,2.287758815899474,0.41690938259933885,-0.11941512315033921,-0.13959981386691966,-2.0138252098469533,2025-03-31
TROW,2025-03-31 04:00:00+00:00,91.16,92.38,89.7,91.87,2326753.0,37494.0,91.395635,227.0,0.32761821557278914,-0.6140478392707982,1.7874914916904185,0.4944948092955817,0.45197603388181035,-0.13959981386691966,-2.0138252098469533,2025-03-31
TSCO,2025-03-31 04:00:00+00:00,53.54,55.415,53.47,55.1,7950217.0,75590.0,54.714003,98.0,3.0484383766598233,-0.39046074282214127,2.153893304354323,-0.9639493131555877,1.4180392283762744,-0.13959981386691966,-2.0138252098469533,2025-03-31
TSLA,2025-03-31 04:00:00+00:00,249.31,260.56,243.3601,259.16,134008936.0,1661129.0,252.69498,2.0,-1.6657180800607074,0.23853732650532222,6.721147226692289,-0.5665938943471691,0.8823367433437043,-0.13959981386691966,-2.0138252098469533,2025-03-31
TTD,2025-03-31 04:00:00+00:00,54.43,55.03,52.9,54.72,8359263.0,100384.0,54.210653,68.0,-2.023276633840654,-0.8915671626715984,4.701740187328389,-0.47247670282566856,-0.5132873832389239,-0.13959981386691966,-2.0138252098469533,2025-03-31
TTWO,2025-03-31 04:00:00+00:00,207.4,207.89,200.66,207.25,2690200.0,57863.0,205.693073,137.0,-1.5299092507245704,0.20503231099860517,1.2662444492667961,0.1663694080586604,-1.1185931751743146,-0.13959981386691966,-2.0138252098469533,2025-03-31
TXN,2025-03-31 04:00:00+00:00,175.42,180.2,173.96,179.7,9222875.0,114119.0,178.571532,59.0,1.9111892474337644,-0.4942548440796762,2.085895631259008,0.0022536167482938327,0.6893594061565883,-0.13959981386691966,-2.0138252098469533,2025-03-31
TXRH,2025-03-31 04:00:00+00:00,168.8,168.8,163.32,166.63,1869229.0,35561.0,166.58432,253.0,-2.5840397544577676,-0.29098014388646914,2.064870043983431,0.010163226494279406,0.22889064724788583,-0.13959981386691966,-2.0138252098469533,2025-03-31
UAL,2025-03-31 04:00:00+00:00,66.975,69.7236,64.11,69.05,10653219.0,121785.0,67.375181,54.0,-1.6801936494375669,-1.0212034622218293,4.070053625791321,0.738582354239793,-0.31198599619414197,-0.13959981386691966,-2.0138252098469533,2025-03-31
ULTA,2025-03-31 04:00:00+00:00,353.72,368.21,351.305,366.54,1178966.0,35649.0,363.684583,252.0,1.9667844326369366,0.1659883166193992,4.519020652030911,2.022968726344276,5.433059092186295,-0.13959981386691966,-2.0138252098469533,2025-03-31
URBN,2025-03-31 04:00:00+00:00,50.34,52.825,50.0,52.4,1855669.0,27723.0,52.008089,339.0,1.787101787101797,-0.21954094511885955,3.1161665281003397,1.6697939555548047,6.109983416091995,-0.13959981386691966,-2.0138252098469533,2025-03-31
VCIT,2025-03-31 04:00:00+00:00,81.87,81.87,81.5544,81.76,4174279.0,19283.0,81.710576,500.0,0.11019958369047345,-0.029797489665190174,0.26715076534760906,1.0697407579023457,0.042843738123965434,-0.13959981386691966,-2.0138252098469533,2025-03-31
VKTX,2025-03-31 04:00:00+00:00,24.46,24.5,23.27,24.15,4170683.0,45438.0,23.99639,187.0,-5.847953216374268,-0.7421276180088585,4.581950081177092,1.2934194083329134,2.351353184199238,-0.13959981386691966,-2.0138252098469533,2025-03-31
VLY,2025-03-31 04:00:00+00:00,8.6,8.945,8.6,8.89,8273653.0,29365.0,8.854406,319.0,1.252847380410027,-0.13480553643472787,1.8089204731973099,0.362842616951431,0.3478579282044591,-0.13959981386691966,-2.0138252098469533,2025-03-31
VNOM,2025-03-31 04:00:00+00:00,44.58,45.54,44.375,45.15,2077931.0,19603.0,45.114588,494.0,2.1724372029870986,-0.02736172948030875,2.945940002828389,0.5479519703861182,-0.574379144125192,-0.13959981386691966,-2.0138252098469533,2025-03-31
VRNS,2025-03-31 04:00:00+00:00,41.13,41.245,39.715,40.45,1522271.0,21719.0,40.350736,434.0,-2.857829010566759,-0.19084004368645455,1.9935037106010602,0.18554979546957504,-0.7385082429950376,-0.13959981386691966,-2.0138252098469533,2025-03-31
VRSK,2025-03-31 04:00:00+00:00,296.14,299.965,295.24,297.62,1250152.0,28691.0,297.473195,331.0,1.0319777310068723,-0.12654622682916397,1.0910541219952583,-0.20931372873535004,0.2839628066479976,-0.13959981386691966,-2.0138252098469533,2025-03-31
VRSN,2025-03-31 04:00:00+00:00,249.96,254.625,248.88,253.87,768418.0,20546.0,252.639106,462.0,1.1756735214411007,0.3627356887787668,1.1658481050577472,0.0988487052355667,-0.36447647501011876,-0.13959981386691966,-2.0138252098469533,2025-03-31
VRTX,2025-03-31 04:00:00+00:00,487.125,487.125,471.5,484.82,2231875.0,49572.0,483.231656,161.0,-1.5973533053238342,0.07021920966234134,1.4924338459815012,-0.09274361033713639,-1.1488554428526943,-0.13959981386691966,-2.0138252098469533,2025-03-31
VSAT,2025-03-31 04:00:00+00:00,10.53,10.645,10.0826,10.42,2266351.0,25101.0,10.450297,383.0,-4.578754578754573,0.9399619244672619,4.7085479600567846,1.6745386591317555,4.238244068400224,-0.13959981386691966,-2.0138252098469533,2025-03-31
WBA,2025-03-31 04:00:00+00:00,11.17,11.2,11.14,11.17,10050521.0,35867.0,11.166315,250.0,-0.17873100983020196,-0.11702047696962405,0.4651783089143241,-0.17909457530738704,-0.6702955349270391,-0.13959981386691966,-2.0138252098469533,2025-03-31
WDAY,2025-03-31 04:00:00+00:00,236.67,237.41,229.29,233.53,3312763.0,57906.0,232.022993,136.0,-2.0797517715627545,-0.3611083661544037,1.8239386900911108,0.09569824815381014,-0.025267230750703452,-0.13959981386691966,-2.0138252098469533,2025-03-31
WDC,2025-03-31 04:00:00+00:00,39.79,40.505,39.0975,40.43,8212045.0,61177.0,40.082404,123.0,-0.46774987690791914,-0.14391767801518954,2.5892830900653268,1.0419360080833286,0.506580390591368,-0.13959981386691966,-2.0138252098469533,2025-03-31
WEN,2025-03-31 04:00:00+00:00,14.55,14.7391,14.45,14.63,3639776.0,29254.0,14.628148,323.0,0.0,-0.3869282511756192,1.4779633087332626,-0.47311745203625144,-0.237993942213812,-0.13959981386691966,-2.0138252098469533,2025-03-31
WING,2025-03-31 04:00:00+00:00,225.47,226.27,216.91,225.58,805924.0,19322.0,223.179081,498.0,0.7053571428571548,-0.0784724792779856,3.494862430852506,-0.3909631582963268,-1.2530586127282213,-0.13959981386691966,-2.0138252098469533,2025-03-31
WSC,2025-03-31 04:00:00+00:00,27.6,28.22,26.91,27.8,2605089.0,32787.0,27.732882,279.0,-1.243339253996445,0.06441435900963487,3.132159461478317,0.41799069020843815,-0.7499772369510753,-0.13959981386691966,-2.0138252098469533,2025-03-31
WTW,2025-03-31 04:00:00+00:00,337.3,341.69,334.8,337.95,1105608.0,25268.0,337.775906,380.0,1.0283698544139241,0.5827542566875523,2.2248669489297885,-0.6397732835315344,0.5925376118451456,-0.13959981386691966,-2.0138252098469533,2025-03-31
WYNN,2025-03-31 04:00:00+00:00,80.64,83.78,80.1601,83.5,2115232.0,36206.0,82.802209,244.0,1.4211101664034942,-0.47739156462571725,2.051510763710463,0.18487697093801364,0.39282213062845145,-0.13959981386691966,-2.0138252098469533,2025-03-31
XEL,2025-03-31 04:00:00+00:00,70.39,71.36,69.9,70.79,3772295.0,55206.0,70.727682,145.0,1.5347102696500414,0.1713073008013709,0.9982956413819294,0.177906525095059,-0.4025732948322703,-0.13959981386691966,-2.0138252098469533,2025-03-31
XRAY,2025-03-31 04:00:00+00:00,14.83,15.1,14.61,14.94,2856371.0,29844.0,14.948881,313.0,0.06697923643670389,-0.5725458387519706,2.0192869081110834,-0.029684186113202275,0.9601779260595544,-0.13959981386691966,-2.0138252098469533,2025-03-31
XRX,2025-03-31 04:00:00+00:00,4.93,4.9521,4.715,4.83,5347743.0,36914.0,4.825624,235.0,-5.847953216374268,-1.4006726162239551,2.149355617710463,-0.19838975694455266,-0.13546088591526959,-0.13959981386691966,-2.0138252098469533,2025-03-31
Z,2025-03-31 04:00:00+00:00,67.54,68.9,66.125,68.56,2322412.0,33048.0,68.285042,275.0,-0.26185627000290257,-0.5978697402059159,2.5603737247586125,0.011663622990399835,-1.0440098489704046,-0.13959981386691966,-2.0138252098469533,2025-03-31
ZION,2025-03-31 04:00:00+00:00,48.71,50.06,48.1201,49.86,1229677.0,20022.0,49.541186,473.0,0.7883565797452974,-0.06728204492147662,2.2381028191641605,-0.918088806147803,2.27027921710229,-0.13959981386691966,-2.0138252098469533,2025-03-31
ZS,2025-03-31 04:00:00+00:00,202.32,203.495,192.2061,198.42,3490563.0,61080.0,197.167861,126.0,-4.209713237423962,-0.012970548378258773,2.8676779664750893,-0.8299203360133276,0.9087763409684209,-0.13959981386691966,-2.0138252098469533,2025-03-31
